code,name,utf8
U+1F1FF,flag: South Africa,0xF0 0x9F 0x87 0xBF
U+1F1FE,flag: Yemen,0xF0 0x9F 0x87 0xBE
U+1F1FD,flag: Kosovo,0xF0 0x9F 0x87 0xBD
U+1F1FC,flag: Wallis & Futuna,0xF0 0x9F 0x87 0xBC
U+1F1FB,flag: Vatican City,0xF0 0x9F 0x87 0xBB
U+1F1FA,flag: Ukraine,0xF0 0x9F 0x87 0xBA
U+1F1F9,flag: Tristan da Cunha,0xF0 0x9F 0x87 0xB9
U+1F1F8,flag: Saudi Arabia,0xF0 0x9F 0x87 0xB8
U+1F1F7,flag: Réunion,0xF0 0x9F 0x87 0xB7
U+1F1F6,flag: Qatar,0xF0 0x9F 0x87 0xB6
U+1F1F5,flag: Panama,0xF0 0x9F 0x87 0xB5
U+1F1F4,flag: Oman,0xF0 0x9F 0x87 0xB4
U+1F1F3,flag: Namibia,0xF0 0x9F 0x87 0xB3
U+1F1F2,flag: Morocco,0xF0 0x9F 0x87 0xB2
U+1F1F1,flag: Laos,0xF0 0x9F 0x87 0xB1
U+1F1F0,flag: Kenya,0xF0 0x9F 0x87 0xB0
U+1F1EF,flag: Jersey,0xF0 0x9F 0x87 0xAF
U+1F1EE,flag: Canary Islands,0xF0 0x9F 0x87 0xAE
U+1F1ED,flag: Hong Kong SAR China,0xF0 0x9F 0x87 0xAD
U+1F1EC,flag: Gabon,0xF0 0x9F 0x87 0xAC
U+1F1EB,flag: Finland,0xF0 0x9F 0x87 0xAB
U+1F1EA,flag: Ceuta & Melilla,0xF0 0x9F 0x87 0xAA
U+1F1E9,flag: Germany,0xF0 0x9F 0x87 0xA9
U+1F1E8,flag: Canada,0xF0 0x9F 0x87 0xA8
U+1F1E7,flag: Bosnia & Herzegovina,0xF0 0x9F 0x87 0xA7
U+1F1E6,flag: Ascension Island,0xF0 0x9F 0x87 0xA6
U+1F3F3,white flag,0xF0 0x9F 0x8F 0xB3
U+1F3F4,black flag,0xF0 0x9F 0x8F 0xB4
U+1F38C,crossed flags,0xF0 0x9F 0x8E 0x8C
U+1F6A9,triangular flag,0xF0 0x9F 0x9A 0xA9
U+1F3C1,chequered flag,0xF0 0x9F 0x8F 0x81
U+1F532,black square button,0xF0 0x9F 0x94 0xB2
U+1F533,white square button,0xF0 0x9F 0x94 0xB3
U+1F518,radio button,0xF0 0x9F 0x94 0x98
U+1F4A0,diamond with a dot,0xF0 0x9F 0x92 0xA0
U+1F53B,red triangle pointed down,0xF0 0x9F 0x94 0xBB
U+1F53A,red triangle pointed up,0xF0 0x9F 0x94 0xBA
U+1F539,small blue diamond,0xF0 0x9F 0x94 0xB9
U+1F538,small orange diamond,0xF0 0x9F 0x94 0xB8
U+1F537,large blue diamond,0xF0 0x9F 0x94 0xB7
U+1F536,large orange diamond,0xF0 0x9F 0x94 0xB6
U+25AB,white small square,0xE2 0x96 0xAB
U+25AA,black small square,0xE2 0x96 0xAA
U+25FD,white medium-small square,0xE2 0x97 0xBD
U+25FE,black medium-small square,0xE2 0x97 0xBE
U+25FB,white medium square,0xE2 0x97 0xBB
U+25FC,black medium square,0xE2 0x97 0xBC
U+2B1C,white large square,0xE2 0xAC 0x9C
U+2B1B,black large square,0xE2 0xAC 0x9B
U+1F7EB,brown square,0xF0 0x9F 0x9F 0xAB
U+1F7EA,purple square,0xF0 0x9F 0x9F 0xAA
U+1F7E6,blue square,0xF0 0x9F 0x9F 0xA6
U+1F7E9,green square,0xF0 0x9F 0x9F 0xA9
U+1F7E8,yellow square,0xF0 0x9F 0x9F 0xA8
U+1F7E7,orange square,0xF0 0x9F 0x9F 0xA7
U+1F7E5,red square,0xF0 0x9F 0x9F 0xA5
U+26AA,white circle,0xE2 0x9A 0xAA
U+26AB,black circle,0xE2 0x9A 0xAB
U+1F7E4,brown circle,0xF0 0x9F 0x9F 0xA4
U+1F7E3,purple circle,0xF0 0x9F 0x9F 0xA3
U+1F535,blue circle,0xF0 0x9F 0x94 0xB5
U+1F7E2,green circle,0xF0 0x9F 0x9F 0xA2
U+1F7E1,yellow circle,0xF0 0x9F 0x9F 0xA1
U+1F7E0,orange circle,0xF0 0x9F 0x9F 0xA0
U+1F534,red circle,0xF0 0x9F 0x94 0xB4
U+1F235,Japanese “no vacancy” button,0xF0 0x9F 0x88 0xB5
U+1F23A,Japanese “open for business” button,0xF0 0x9F 0x88 0xBA
U+3299,Japanese “secret” button,0xE3 0x8A 0x99
U+3297,Japanese “congratulations” button,0xE3 0x8A 0x97
U+1F233,Japanese “vacancy” button,0xF0 0x9F 0x88 0xB3
code,name,utf8,code_str
U+1F1FF,flag: South Africa,0xF0 0x9F 0x87 0xBF,U+1F1FF U+1F1E6
U+1F1FE,flag: Yemen,0xF0 0x9F 0x87 0xBE,U+1F1FE U+1F1EA
U+1F1FD,flag: Kosovo,0xF0 0x9F 0x87 0xBD,U+1F1FD U+1F1F0
U+1F1FC,flag: Wallis & Futuna,0xF0 0x9F 0x87 0xBC,U+1F1FC U+1F1EB
U+1F1FB,flag: Vatican City,0xF0 0x9F 0x87 0xBB,U+1F1FB U+1F1E6
U+1F1FA,flag: Ukraine,0xF0 0x9F 0x87 0xBA,U+1F1FA U+1F1E6
U+1F1F9,flag: Tristan da Cunha,0xF0 0x9F 0x87 0xB9,U+1F1F9 U+1F1E6
U+1F1F8,flag: Saudi Arabia,0xF0 0x9F 0x87 0xB8,U+1F1F8 U+1F1E6
U+1F1F7,flag: Réunion,0xF0 0x9F 0x87 0xB7,U+1F1F7 U+1F1EA
U+1F1F6,flag: Qatar,0xF0 0x9F 0x87 0xB6,U+1F1F6 U+1F1E6
U+1F1F5,flag: Panama,0xF0 0x9F 0x87 0xB5,U+1F1F5 U+1F1E6
U+1F1F4,flag: Oman,0xF0 0x9F 0x87 0xB4,U+1F1F4 U+1F1F2
U+1F1F3,flag: Namibia,0xF0 0x9F 0x87 0xB3,U+1F1F3 U+1F1E6
U+1F1F2,flag: Morocco,0xF0 0x9F 0x87 0xB2,U+1F1F2 U+1F1E6
U+1F1F1,flag: Laos,0xF0 0x9F 0x87 0xB1,U+1F1F1 U+1F1E6
U+1F1F0,flag: Kenya,0xF0 0x9F 0x87 0xB0,U+1F1F0 U+1F1EA
U+1F1EF,flag: Jersey,0xF0 0x9F 0x87 0xAF,U+1F1EF U+1F1EA
U+1F1EE,flag: Canary Islands,0xF0 0x9F 0x87 0xAE,U+1F1EE U+1F1E8
U+1F1ED,flag: Hong Kong SAR China,0xF0 0x9F 0x87 0xAD,U+1F1ED U+1F1F0
U+1F1EC,flag: Gabon,0xF0 0x9F 0x87 0xAC,U+1F1EC U+1F1E6
U+1F1EB,flag: Finland,0xF0 0x9F 0x87 0xAB,U+1F1EB U+1F1EE
U+1F1EA,flag: Ceuta & Melilla,0xF0 0x9F 0x87 0xAA,U+1F1EA U+1F1E6
U+1F1E9,flag: Germany,0xF0 0x9F 0x87 0xA9,U+1F1E9 U+1F1EA
U+1F1E8,flag: Canada,0xF0 0x9F 0x87 0xA8,U+1F1E8 U+1F1E6
U+1F1E7,flag: Bosnia & Herzegovina,0xF0 0x9F 0x87 0xA7,U+1F1E7 U+1F1E6
U+1F1E6,flag: Ascension Island,0xF0 0x9F 0x87 0xA6,U+1F1E6 U+1F1E8
U+1F3F3,white flag,0xF0 0x9F 0x8F 0xB3,
U+1F3F4,black flag,0xF0 0x9F 0x8F 0xB4,
U+1F38C,crossed flags,0xF0 0x9F 0x8E 0x8C,
U+1F6A9,triangular flag,0xF0 0x9F 0x9A 0xA9,
U+1F3C1,chequered flag,0xF0 0x9F 0x8F 0x81,
U+1F532,black square button,0xF0 0x9F 0x94 0xB2,
U+1F533,white square button,0xF0 0x9F 0x94 0xB3,
U+1F518,radio button,0xF0 0x9F 0x94 0x98,
U+1F4A0,diamond with a dot,0xF0 0x9F 0x92 0xA0,
U+1F53B,red triangle pointed down,0xF0 0x9F 0x94 0xBB,
U+1F53A,red triangle pointed up,0xF0 0x9F 0x94 0xBA,
U+1F539,small blue diamond,0xF0 0x9F 0x94 0xB9,
U+1F538,small orange diamond,0xF0 0x9F 0x94 0xB8,
U+1F537,large blue diamond,0xF0 0x9F 0x94 0xB7,
U+1F536,large orange diamond,0xF0 0x9F 0x94 0xB6,
U+25AB,white small square,0xE2 0x96 0xAB,
U+25AA,black small square,0xE2 0x96 0xAA,
U+25FD,white medium-small square,0xE2 0x97 0xBD,
U+25FE,black medium-small square,0xE2 0x97 0xBE,
U+25FB,white medium square,0xE2 0x97 0xBB,
U+25FC,black medium square,0xE2 0x97 0xBC,
U+2B1C,white large square,0xE2 0xAC 0x9C,
U+2B1B,black large square,0xE2 0xAC 0x9B,
U+1F7EB,brown square,0xF0 0x9F 0x9F 0xAB,
U+1F7EA,purple square,0xF0 0x9F 0x9F 0xAA,
U+1F7E6,blue square,0xF0 0x9F 0x9F 0xA6,
U+1F7E9,green square,0xF0 0x9F 0x9F 0xA9,
U+1F7E8,yellow square,0xF0 0x9F 0x9F 0xA8,
U+1F7E7,orange square,0xF0 0x9F 0x9F 0xA7,
U+1F7E5,red square,0xF0 0x9F 0x9F 0xA5,
U+26AA,white circle,0xE2 0x9A 0xAA,
U+26AB,black circle,0xE2 0x9A 0xAB,
U+1F7E4,brown circle,0xF0 0x9F 0x9F 0xA4,
U+1F7E3,purple circle,0xF0 0x9F 0x9F 0xA3,
U+1F535,blue circle,0xF0 0x9F 0x94 0xB5,
U+1F7E2,green circle,0xF0 0x9F 0x9F 0xA2,
U+1F7E1,yellow circle,0xF0 0x9F 0x9F 0xA1,
U+1F7E0,orange circle,0xF0 0x9F 0x9F 0xA0,
U+1F534,red circle,0xF0 0x9F 0x94 0xB4,
U+1F235,Japanese “no vacancy” button,0xF0 0x9F 0x88 0xB5,
U+1F23A,Japanese “open for business” button,0xF0 0x9F 0x88 0xBA,
U+3299,Japanese “secret” button,0xE3 0x8A 0x99,
U+3297,Japanese “congratulations” button,0xE3 0x8A 0x97,
U+1F233,Japanese “vacancy” button,0xF0 0x9F 0x88 0xB3,
U+1F234,Japanese “passing grade” button,0xF0 0x9F 0x88 0xB4,
U+1F238,Japanese “application” button,0xF0 0x9F 0x88 0xB8,
U+1F251,Japanese “acceptable” button,0xF0 0x9F 0x89 0x91,
U+1F232,Japanese “prohibited” button,0xF0 0x9F 0x88 0xB2,
U+1F21A,Japanese “free of charge” button,0xF0 0x9F 0x88 0x9A,
U+1F239,Japanese “discount” button,0xF0 0x9F 0x88 0xB9,
U+1F250,Japanese “bargain” button,0xF0 0x9F 0x89 0x90,
U+1F22F,Japanese “reserved” button,0xF0 0x9F 0x88 0xAF,
U+1F236,Japanese “not free of charge” button,0xF0 0x9F 0x88 0xB6,
U+1F237,Japanese “monthly amount” button,0xF0 0x9F 0x88 0xB7,
U+1F202,Japanese “service charge” button,0xF0 0x9F 0x88 0x82,
U+1F201,Japanese “here” button,0xF0 0x9F 0x88 0x81,
U+1F19A,VS button,0xF0 0x9F 0x86 0x9A,
U+1F199,UP! button,0xF0 0x9F 0x86 0x99,
U+1F198,SOS button,0xF0 0x9F 0x86 0x98,
U+1F17F,P button,0xF0 0x9F 0x85 0xBF,
U+1F197,OK button,0xF0 0x9F 0x86 0x97,
U+1F17E,O button (blood type),0xF0 0x9F 0x85 0xBE,
U+1F196,NG button,0xF0 0x9F 0x86 0x96,
U+1F195,NEW button,0xF0 0x9F 0x86 0x95,
U+24C2,circled M,0xE2 0x93 0x82,
U+1F194,ID button,0xF0 0x9F 0x86 0x94,
U+2139,information,0xE2 0x84 0xB9,
U+1F193,FREE button,0xF0 0x9F 0x86 0x93,
U+1F192,COOL button,0xF0 0x9F 0x86 0x92,
U+1F191,CL button,0xF0 0x9F 0x86 0x91,
U+1F171,B button (blood type),0xF0 0x9F 0x85 0xB1,
U+1F18E,AB button (blood type),0xF0 0x9F 0x86 0x8E,
U+1F170,A button (blood type),0xF0 0x9F 0x85 0xB0,
U+1F524,input latin letters,0xF0 0x9F 0x94 0xA4,
U+1F523,input symbols,0xF0 0x9F 0x94 0xA3,
U+1F522,input numbers,0xF0 0x9F 0x94 0xA2,
U+1F521,input latin lowercase,0xF0 0x9F 0x94 0xA1,
U+1F520,input latin uppercase,0xF0 0x9F 0x94 0xA0,
U+1F51F,keycap: 10,0xF0 0x9F 0x94 0x9F,
U+0039,keycap: 9,0x39,U+0039 U+FE0F U+20E3
U+0038,keycap: 8,0x38,U+0038 U+FE0F U+20E3
U+0037,keycap: 7,0x37,U+0037 U+FE0F U+20E3
U+0036,keycap: 6,0x36,U+0036 U+FE0F U+20E3
U+0035,keycap: 5,0x35,U+0035 U+FE0F U+20E3
U+0034,keycap: 4,0x34,U+0034 U+FE0F U+20E3
U+0033,keycap: 3,0x33,U+0033 U+FE0F U+20E3
U+0032,keycap: 2,0x32,U+0032 U+FE0F U+20E3
U+0031,keycap: 1,0x31,U+0031 U+FE0F U+20E3
U+0030,keycap: 0,0x30,U+0030 U+FE0F U+20E3
U+002A,keycap: *,0x2A,U+002A U+FE0F U+20E3
U+0023,keycap: #,0x23,U+0023 U+FE0F U+20E3
U+2122,trade mark,0xE2 0x84 0xA2,
U+00AE,registered,0xC2 0xAE,
U+00A9,copyright,0xC2 0xA9,
U+2747,sparkle,0xE2 0x9D 0x87,
U+2734,eight-pointed star,0xE2 0x9C 0xB4,
U+2733,eight-spoked asterisk,0xE2 0x9C 0xB3,
U+303D,part alternation mark,0xE3 0x80 0xBD,
U+27BF,double curly loop,0xE2 0x9E 0xBF,
U+27B0,curly loop,0xE2 0x9E 0xB0,
U+274E,cross mark button,0xE2 0x9D 0x8E,
U+274C,cross mark,0xE2 0x9D 0x8C,
U+2714,check mark,0xE2 0x9C 0x94,
U+2611,check box with check,0xE2 0x98 0x91,
U+2705,check mark button,0xE2 0x9C 0x85,
U+2B55,hollow red circle,0xE2 0xAD 0x95,
U+1F530,Japanese symbol for beginner,0xF0 0x9F 0x94 0xB0,
U+1F4DB,name badge,0xF0 0x9F 0x93 0x9B,
U+1F531,trident emblem,0xF0 0x9F 0x94 0xB1,
U+269C,fleur-de-lis,0xE2 0x9A 0x9C,
U+267B,recycling symbol,0xE2 0x99 0xBB,
U+2695,medical symbol,0xE2 0x9A 0x95,
U+1F4B2,heavy dollar sign,0xF0 0x9F 0x92 0xB2,
U+1F4B1,currency exchange,0xF0 0x9F 0x92 0xB1,
U+3030,wavy dash,0xE3 0x80 0xB0,
U+2757,red exclamation mark,0xE2 0x9D 0x97,
U+2755,white exclamation mark,0xE2 0x9D 0x95,
U+2754,white question mark,0xE2 0x9D 0x94,
U+2753,red question mark,0xE2 0x9D 0x93,
U+2049,exclamation question mark,0xE2 0x81 0x89,
U+203C,double exclamation mark,0xE2 0x80 0xBC,
U+267E,infinity,0xE2 0x99 0xBE,
U+2797,divide,0xE2 0x9E 0x97,
U+2796,minus,0xE2 0x9E 0x96,
U+2795,plus,0xE2 0x9E 0x95,
U+2716,multiply,0xE2 0x9C 0x96,
U+26A7,transgender symbol,0xE2 0x9A 0xA7,
U+2642,male sign,0xE2 0x99 0x82,
U+2640,female sign,0xE2 0x99 0x80,
U+1F4F4,mobile phone off,0xF0 0x9F 0x93 0xB4,
U+1F4F3,vibration mode,0xF0 0x9F 0x93 0xB3,
U+1F4F6,antenna bars,0xF0 0x9F 0x93 0xB6,
U+1F506,bright button,0xF0 0x9F 0x94 0x86,
U+1F505,dim button,0xF0 0x9F 0x94 0x85,
U+1F3A6,cinema,0xF0 0x9F 0x8E 0xA6,
U+23CF,eject button,0xE2 0x8F 0x8F,
U+23FA,record button,0xE2 0x8F 0xBA,
U+23F9,stop button,0xE2 0x8F 0xB9,
U+23F8,pause button,0xE2 0x8F 0xB8,
U+23EC,fast down button,0xE2 0x8F 0xAC,
U+1F53D,downwards button,0xF0 0x9F 0x94 0xBD,
U+23EB,fast up button,0xE2 0x8F 0xAB,
U+1F53C,upwards button,0xF0 0x9F 0x94 0xBC,
U+23EE,last track button,0xE2 0x8F 0xAE,
U+23EA,fast reverse button,0xE2 0x8F 0xAA,
U+25C0,reverse button,0xE2 0x97 0x80,
U+23EF,play or pause button,0xE2 0x8F 0xAF,
U+23ED,next track button,0xE2 0x8F 0xAD,
U+23E9,fast-forward button,0xE2 0x8F 0xA9,
U+25B6,play button,0xE2 0x96 0xB6,
U+1F502,repeat single button,0xF0 0x9F 0x94 0x82,
U+1F501,repeat button,0xF0 0x9F 0x94 0x81,
U+1F500,shuffle tracks button,0xF0 0x9F 0x94 0x80,
U+26CE,Ophiuchus,0xE2 0x9B 0x8E,
U+2653,Pisces,0xE2 0x99 0x93,
U+2652,Aquarius,0xE2 0x99 0x92,
U+2651,Capricorn,0xE2 0x99 0x91,
U+2650,Sagittarius,0xE2 0x99 0x90,
U+264F,Scorpio,0xE2 0x99 0x8F,
U+264E,Libra,0xE2 0x99 0x8E,
U+264D,Virgo,0xE2 0x99 0x8D,
U+264C,Leo,0xE2 0x99 0x8C,
U+264B,Cancer,0xE2 0x99 0x8B,
U+264A,Gemini,0xE2 0x99 0x8A,
U+2649,Taurus,0xE2 0x99 0x89,
U+2648,Aries,0xE2 0x99 0x88,
U+1F52F,dotted six-pointed star,0xF0 0x9F 0x94 0xAF,
U+1F54E,menorah,0xF0 0x9F 0x95 0x8E,
U+262E,peace symbol,0xE2 0x98 0xAE,
U+262A,star and crescent,0xE2 0x98 0xAA,
U+2626,orthodox cross,0xE2 0x98 0xA6,
U+271D,latin cross,0xE2 0x9C 0x9D,
U+262F,yin yang,0xE2 0x98 0xAF,
U+2638,wheel of dharma,0xE2 0x98 0xB8,
U+2721,star of David,0xE2 0x9C 0xA1,
U+1F549,om,0xF0 0x9F 0x95 0x89,
U+269B,atom symbol,0xE2 0x9A 0x9B,
U+1F6D0,place of worship,0xF0 0x9F 0x9B 0x90,
U+1F51D,TOP arrow,0xF0 0x9F 0x94 0x9D,
U+1F51C,SOON arrow,0xF0 0x9F 0x94 0x9C,
U+1F51B,ON! arrow,0xF0 0x9F 0x94 0x9B,
U+1F51A,END arrow,0xF0 0x9F 0x94 0x9A,
U+1F519,BACK arrow,0xF0 0x9F 0x94 0x99,
U+1F504,counterclockwise arrows button,0xF0 0x9F 0x94 0x84,
U+1F503,clockwise vertical arrows,0xF0 0x9F 0x94 0x83,
U+2935,right arrow curving down,0xE2 0xA4 0xB5,
U+2934,right arrow curving up,0xE2 0xA4 0xB4,
U+21AA,left arrow curving right,0xE2 0x86 0xAA,
U+21A9,right arrow curving left,0xE2 0x86 0xA9,
U+2194,left-right arrow,0xE2 0x86 0x94,
U+2195,up-down arrow,0xE2 0x86 0x95,
U+2196,up-left arrow,0xE2 0x86 0x96,
U+2B05,left arrow,0xE2 0xAC 0x85,
U+2199,down-left arrow,0xE2 0x86 0x99,
U+2B07,down arrow,0xE2 0xAC 0x87,
U+2198,down-right arrow,0xE2 0x86 0x98,
U+27A1,right arrow,0xE2 0x9E 0xA1,
U+2197,up-right arrow,0xE2 0x86 0x97,
U+2B06,up arrow,0xE2 0xAC 0x86,
U+2623,biohazard,0xE2 0x98 0xA3,
U+2622,radioactive,0xE2 0x98 0xA2,
U+1F51E,no one under eighteen,0xF0 0x9F 0x94 0x9E,
U+1F4F5,no mobile phones,0xF0 0x9F 0x93 0xB5,
U+1F6B7,no pedestrians,0xF0 0x9F 0x9A 0xB7,
U+1F6B1,non-potable water,0xF0 0x9F 0x9A 0xB1,
U+1F6AF,no littering,0xF0 0x9F 0x9A 0xAF,
U+1F6AD,no smoking,0xF0 0x9F 0x9A 0xAD,
U+1F6B3,no bicycles,0xF0 0x9F 0x9A 0xB3,
U+1F6AB,prohibited,0xF0 0x9F 0x9A 0xAB,
U+26D4,no entry,0xE2 0x9B 0x94,
U+1F6B8,children crossing,0xF0 0x9F 0x9A 0xB8,
U+26A0,warning,0xE2 0x9A 0xA0,
U+1F6C5,left luggage,0xF0 0x9F 0x9B 0x85,
U+1F6C4,baggage claim,0xF0 0x9F 0x9B 0x84,
U+1F6C3,customs,0xF0 0x9F 0x9B 0x83,
U+1F6C2,passport control,0xF0 0x9F 0x9B 0x82,
U+1F6BE,water closet,0xF0 0x9F 0x9A 0xBE,
U+1F6BC,baby symbol,0xF0 0x9F 0x9A 0xBC,
U+1F6BB,restroom,0xF0 0x9F 0x9A 0xBB,
U+1F6BA,women’s room,0xF0 0x9F 0x9A 0xBA,
U+1F6B9,men’s room,0xF0 0x9F 0x9A 0xB9,
U+267F,wheelchair symbol,0xE2 0x99 0xBF,
U+1F6B0,potable water,0xF0 0x9F 0x9A 0xB0,
U+1F6AE,litter in bin sign,0xF0 0x9F 0x9A 0xAE,
U+1F3E7,ATM sign,0xF0 0x9F 0x8F 0xA7,
U+1FAA7,placard,0xF0 0x9F 0xAA 0xA7,
U+1F5FF,moai,0xF0 0x9F 0x97 0xBF,
U+26B1,funeral urn,0xE2 0x9A 0xB1,
U+1FAA6,headstone,0xF0 0x9F 0xAA 0xA6,
U+26B0,coffin,0xE2 0x9A 0xB0,
U+1F6AC,cigarette,0xF0 0x9F 0x9A 0xAC,
U+1F6D2,shopping cart,0xF0 0x9F 0x9B 0x92,
U+1F9EF,fire extinguisher,0xF0 0x9F 0xA7 0xAF,
U+1F9FD,sponge,0xF0 0x9F 0xA7 0xBD,
U+1FAA5,toothbrush,0xF0 0x9F 0xAA 0xA5,
U+1F9FC,soap,0xF0 0x9F 0xA7 0xBC,
U+1FAA3,bucket,0xF0 0x9F 0xAA 0xA3,
U+1F9FB,roll of paper,0xF0 0x9F 0xA7 0xBB,
U+1F9FA,basket,0xF0 0x9F 0xA7 0xBA,
U+1F9F9,broom,0xF0 0x9F 0xA7 0xB9,
U+1F9F7,safety pin,0xF0 0x9F 0xA7 0xB7,
U+1F9F4,lotion bottle,0xF0 0x9F 0xA7 0xB4,
U+1FA92,razor,0xF0 0x9F 0xAA 0x92,
U+1FAA4,mouse trap,0xF0 0x9F 0xAA 0xA4,
U+1F6C1,bathtub,0xF0 0x9F 0x9B 0x81,
U+1F6BF,shower,0xF0 0x9F 0x9A 0xBF,
U+1FAA0,plunger,0xF0 0x9F 0xAA 0xA0,
U+1F6BD,toilet,0xF0 0x9F 0x9A 0xBD,
U+1FA91,chair,0xF0 0x9F 0xAA 0x91,
U+1F6CB,couch and lamp,0xF0 0x9F 0x9B 0x8B,
U+1F6CF,bed,0xF0 0x9F 0x9B 0x8F,
U+1FA9F,window,0xF0 0x9F 0xAA 0x9F,
U+1FA9E,mirror,0xF0 0x9F 0xAA 0x9E,
U+1F6D7,elevator,0xF0 0x9F 0x9B 0x97,
U+1F6AA,door,0xF0 0x9F 0x9A 0xAA,
U+1FA7A,stethoscope,0xF0 0x9F 0xA9 0xBA,
U+1FA79,adhesive bandage,0xF0 0x9F 0xA9 0xB9,
U+1F48A,pill,0xF0 0x9F 0x92 0x8A,
U+1FA78,drop of blood,0xF0 0x9F 0xA9 0xB8,
U+1F489,syringe,0xF0 0x9F 0x92 0x89,
U+1F4E1,satellite antenna,0xF0 0x9F 0x93 0xA1,
U+1F52D,telescope,0xF0 0x9F 0x94 0xAD,
U+1F52C,microscope,0xF0 0x9F 0x94 0xAC,
U+1F9EC,dna,0xF0 0x9F 0xA7 0xAC,
U+1F9EB,petri dish,0xF0 0x9F 0xA7 0xAB,
U+1F9EA,test tube,0xF0 0x9F 0xA7 0xAA,
U+2697,alembic,0xE2 0x9A 0x97,
U+1FA9C,ladder,0xF0 0x9F 0xAA 0x9C,
U+1F9F2,magnet,0xF0 0x9F 0xA7 0xB2,
U+1F9F0,toolbox,0xF0 0x9F 0xA7 0xB0,
U+1FA9D,hook,0xF0 0x9F 0xAA 0x9D,
U+26D3,chains,0xE2 0x9B 0x93,
U+1F517,link,0xF0 0x9F 0x94 0x97,
U+1F9AF,white cane,0xF0 0x9F 0xA6 0xAF,
U+2696,balance scale,0xE2 0x9A 0x96,
U+1F5DC,clamp,0xF0 0x9F 0x97 0x9C,
U+2699,gear,0xE2 0x9A 0x99,
U+1F529,nut and bolt,0xF0 0x9F 0x94 0xA9,
U+1FA9B,screwdriver,0xF0 0x9F 0xAA 0x9B,
U+1F527,wrench,0xF0 0x9F 0x94 0xA7,
U+1FA9A,carpentry saw,0xF0 0x9F 0xAA 0x9A,
U+1F6E1,shield,0xF0 0x9F 0x9B 0xA1,
U+1F3F9,bow and arrow,0xF0 0x9F 0x8F 0xB9,
U+1FA83,boomerang,0xF0 0x9F 0xAA 0x83,
U+1F52B,water pistol,0xF0 0x9F 0x94 0xAB,
U+2694,crossed swords,0xE2 0x9A 0x94,
U+1F5E1,dagger,0xF0 0x9F 0x97 0xA1,
U+1F6E0,hammer and wrench,0xF0 0x9F 0x9B 0xA0,
U+2692,hammer and pick,0xE2 0x9A 0x92,
U+26CF,pick,0xE2 0x9B 0x8F,
U+1FA93,axe,0xF0 0x9F 0xAA 0x93,
U+1F528,hammer,0xF0 0x9F 0x94 0xA8,
U+1F5DD,old key,0xF0 0x9F 0x97 0x9D,
U+1F511,key,0xF0 0x9F 0x94 0x91,
U+1F510,locked with key,0xF0 0x9F 0x94 0x90,
U+1F50F,locked with pen,0xF0 0x9F 0x94 0x8F,
U+1F513,unlocked,0xF0 0x9F 0x94 0x93,
U+1F512,locked,0xF0 0x9F 0x94 0x92,
U+1F5D1,wastebasket,0xF0 0x9F 0x97 0x91,
U+1F5C4,file cabinet,0xF0 0x9F 0x97 0x84,
U+1F5C3,card file box,0xF0 0x9F 0x97 0x83,
U+2702,scissors,0xE2 0x9C 0x82,
U+1F4D0,triangular ruler,0xF0 0x9F 0x93 0x90,
U+1F4CF,straight ruler,0xF0 0x9F 0x93 0x8F,
U+1F587,linked paperclips,0xF0 0x9F 0x96 0x87,
U+1F4CE,paperclip,0xF0 0x9F 0x93 0x8E,
U+1F4CD,round pushpin,0xF0 0x9F 0x93 0x8D,
U+1F4CC,pushpin,0xF0 0x9F 0x93 0x8C,
U+1F4CB,clipboard,0xF0 0x9F 0x93 0x8B,
U+1F4CA,bar chart,0xF0 0x9F 0x93 0x8A,
U+1F4C9,chart decreasing,0xF0 0x9F 0x93 0x89,
U+1F4C8,chart increasing,0xF0 0x9F 0x93 0x88,
U+1F4C7,card index,0xF0 0x9F 0x93 0x87,
U+1F5D3,spiral calendar,0xF0 0x9F 0x97 0x93,
U+1F5D2,spiral notepad,0xF0 0x9F 0x97 0x92,
U+1F4C6,tear-off calendar,0xF0 0x9F 0x93 0x86,
U+1F4C5,calendar,0xF0 0x9F 0x93 0x85,
U+1F5C2,card index dividers,0xF0 0x9F 0x97 0x82,
U+1F4C2,open file folder,0xF0 0x9F 0x93 0x82,
U+1F4C1,file folder,0xF0 0x9F 0x93 0x81,
U+1F4BC,briefcase,0xF0 0x9F 0x92 0xBC,
U+1F4DD,memo,0xF0 0x9F 0x93 0x9D,
U+1F58D,crayon,0xF0 0x9F 0x96 0x8D,
U+1F58C,paintbrush,0xF0 0x9F 0x96 0x8C,
U+1F58A,pen,0xF0 0x9F 0x96 0x8A,
U+1F58B,fountain pen,0xF0 0x9F 0x96 0x8B,
U+2712,black nib,0xE2 0x9C 0x92,
U+270F,pencil,0xE2 0x9C 0x8F,
U+1F5F3,ballot box with ballot,0xF0 0x9F 0x97 0xB3,
U+1F4EE,postbox,0xF0 0x9F 0x93 0xAE,
U+1F4ED,open mailbox with lowered flag,0xF0 0x9F 0x93 0xAD,
U+1F4EC,open mailbox with raised flag,0xF0 0x9F 0x93 0xAC,
U+1F4EA,closed mailbox with lowered flag,0xF0 0x9F 0x93 0xAA,
U+1F4EB,closed mailbox with raised flag,0xF0 0x9F 0x93 0xAB,
U+1F4E6,package,0xF0 0x9F 0x93 0xA6,
U+1F4E5,inbox tray,0xF0 0x9F 0x93 0xA5,
U+1F4E4,outbox tray,0xF0 0x9F 0x93 0xA4,
U+1F4E9,envelope with arrow,0xF0 0x9F 0x93 0xA9,
U+1F4E8,incoming envelope,0xF0 0x9F 0x93 0xA8,
U+1F4E7,e-mail,0xF0 0x9F 0x93 0xA7,
U+2709,envelope,0xE2 0x9C 0x89,
U+1F4B9,chart increasing with yen,0xF0 0x9F 0x92 0xB9,
U+1F9FE,receipt,0xF0 0x9F 0xA7 0xBE,
U+1F4B3,credit card,0xF0 0x9F 0x92 0xB3,
U+1F4B8,money with wings,0xF0 0x9F 0x92 0xB8,
U+1F4B7,pound banknote,0xF0 0x9F 0x92 0xB7,
U+1F4B6,euro banknote,0xF0 0x9F 0x92 0xB6,
U+1F4B5,dollar banknote,0xF0 0x9F 0x92 0xB5,
U+1F4B4,yen banknote,0xF0 0x9F 0x92 0xB4,
U+1FA99,coin,0xF0 0x9F 0xAA 0x99,
U+1F4B0,money bag,0xF0 0x9F 0x92 0xB0,
U+1F3F7,label,0xF0 0x9F 0x8F 0xB7,
U+1F516,bookmark,0xF0 0x9F 0x94 0x96,
U+1F4D1,bookmark tabs,0xF0 0x9F 0x93 0x91,
U+1F5DE,rolled-up newspaper,0xF0 0x9F 0x97 0x9E,
U+1F4F0,newspaper,0xF0 0x9F 0x93 0xB0,
U+1F4C4,page facing up,0xF0 0x9F 0x93 0x84,
U+1F4DC,scroll,0xF0 0x9F 0x93 0x9C,
U+1F4C3,page with curl,0xF0 0x9F 0x93 0x83,
U+1F4D2,ledger,0xF0 0x9F 0x93 0x92,
U+1F4D3,notebook,0xF0 0x9F 0x93 0x93,
U+1F4DA,books,0xF0 0x9F 0x93 0x9A,
U+1F4D9,orange book,0xF0 0x9F 0x93 0x99,
U+1F4D8,blue book,0xF0 0x9F 0x93 0x98,
U+1F4D7,green book,0xF0 0x9F 0x93 0x97,
U+1F4D6,open book,0xF0 0x9F 0x93 0x96,
U+1F4D5,closed book,0xF0 0x9F 0x93 0x95,
U+1F4D4,notebook with decorative cover,0xF0 0x9F 0x93 0x94,
U+1FA94,diya lamp,0xF0 0x9F 0xAA 0x94,
U+1F3EE,red paper lantern,0xF0 0x9F 0x8F 0xAE,
U+1F526,flashlight,0xF0 0x9F 0x94 0xA6,
U+1F4A1,light bulb,0xF0 0x9F 0x92 0xA1,
U+1F56F,candle,0xF0 0x9F 0x95 0xAF,
U+1F50E,magnifying glass tilted right,0xF0 0x9F 0x94 0x8E,
U+1F50D,magnifying glass tilted left,0xF0 0x9F 0x94 0x8D,
U+1F4FC,videocassette,0xF0 0x9F 0x93 0xBC,
U+1F4F9,video camera,0xF0 0x9F 0x93 0xB9,
U+1F4F8,camera with flash,0xF0 0x9F 0x93 0xB8,
U+1F4F7,camera,0xF0 0x9F 0x93 0xB7,
U+1F4FA,television,0xF0 0x9F 0x93 0xBA,
U+1F3AC,clapper board,0xF0 0x9F 0x8E 0xAC,
U+1F4FD,film projector,0xF0 0x9F 0x93 0xBD,
U+1F39E,film frames,0xF0 0x9F 0x8E 0x9E,
U+1F3A5,movie camera,0xF0 0x9F 0x8E 0xA5,
U+1F9EE,abacus,0xF0 0x9F 0xA7 0xAE,
U+1F4C0,dvd,0xF0 0x9F 0x93 0x80,
U+1F4BF,optical disk,0xF0 0x9F 0x92 0xBF,
U+1F4BE,floppy disk,0xF0 0x9F 0x92 0xBE,
U+1F4BD,computer disk,0xF0 0x9F 0x92 0xBD,
U+1F5B2,trackball,0xF0 0x9F 0x96 0xB2,
U+1F5B1,computer mouse,0xF0 0x9F 0x96 0xB1,
U+2328,keyboard,0xE2 0x8C 0xA8,
U+1F5A8,printer,0xF0 0x9F 0x96 0xA8,
U+1F5A5,desktop computer,0xF0 0x9F 0x96 0xA5,
U+1F4BB,laptop,0xF0 0x9F 0x92 0xBB,
U+1F50C,electric plug,0xF0 0x9F 0x94 0x8C,
U+1F50B,battery,0xF0 0x9F 0x94 0x8B,
U+1F4E0,fax machine,0xF0 0x9F 0x93 0xA0,
U+1F4DF,pager,0xF0 0x9F 0x93 0x9F,
U+1F4DE,telephone receiver,0xF0 0x9F 0x93 0x9E,
U+260E,telephone,0xE2 0x98 0x8E,
U+1F4F2,mobile phone with arrow,0xF0 0x9F 0x93 0xB2,
U+1F4F1,mobile phone,0xF0 0x9F 0x93 0xB1,
U+1FA98,long drum,0xF0 0x9F 0xAA 0x98,
U+1F941,drum,0xF0 0x9F 0xA5 0x81,
U+1FA95,banjo,0xF0 0x9F 0xAA 0x95,
U+1F3BB,violin,0xF0 0x9F 0x8E 0xBB,
U+1F3BA,trumpet,0xF0 0x9F 0x8E 0xBA,
U+1F3B9,musical keyboard,0xF0 0x9F 0x8E 0xB9,
U+1F3B8,guitar,0xF0 0x9F 0x8E 0xB8,
U+1FA97,accordion,0xF0 0x9F 0xAA 0x97,
U+1F3B7,saxophone,0xF0 0x9F 0x8E 0xB7,
U+1F4FB,radio,0xF0 0x9F 0x93 0xBB,
U+1F3A7,headphone,0xF0 0x9F 0x8E 0xA7,
U+1F3A4,microphone,0xF0 0x9F 0x8E 0xA4,
U+1F39B,control knobs,0xF0 0x9F 0x8E 0x9B,
U+1F39A,level slider,0xF0 0x9F 0x8E 0x9A,
U+1F399,studio microphone,0xF0 0x9F 0x8E 0x99,
U+1F3B6,musical notes,0xF0 0x9F 0x8E 0xB6,
U+1F3B5,musical note,0xF0 0x9F 0x8E 0xB5,
U+1F3BC,musical score,0xF0 0x9F 0x8E 0xBC,
U+1F515,bell with slash,0xF0 0x9F 0x94 0x95,
U+1F514,bell,0xF0 0x9F 0x94 0x94,
U+1F4EF,postal horn,0xF0 0x9F 0x93 0xAF,
U+1F4E3,megaphone,0xF0 0x9F 0x93 0xA3,
U+1F4E2,loudspeaker,0xF0 0x9F 0x93 0xA2,
U+1F50A,speaker high volume,0xF0 0x9F 0x94 0x8A,
U+1F509,speaker medium volume,0xF0 0x9F 0x94 0x89,
U+1F508,speaker low volume,0xF0 0x9F 0x94 0x88,
U+1F507,muted speaker,0xF0 0x9F 0x94 0x87,
U+1F48E,gem stone,0xF0 0x9F 0x92 0x8E,
U+1F48D,ring,0xF0 0x9F 0x92 0x8D,
U+1F484,lipstick,0xF0 0x9F 0x92 0x84,
U+1F4FF,prayer beads,0xF0 0x9F 0x93 0xBF,
U+26D1,rescue worker’s helmet,0xE2 0x9B 0x91,
U+1FA96,military helmet,0xF0 0x9F 0xAA 0x96,
U+1F9E2,billed cap,0xF0 0x9F 0xA7 0xA2,
U+1F393,graduation cap,0xF0 0x9F 0x8E 0x93,
U+1F3A9,top hat,0xF0 0x9F 0x8E 0xA9,
U+1F452,woman’s hat,0xF0 0x9F 0x91 0x92,
U+1F451,crown,0xF0 0x9F 0x91 0x91,
U+1F462,woman’s boot,0xF0 0x9F 0x91 0xA2,
U+1FA70,ballet shoes,0xF0 0x9F 0xA9 0xB0,
U+1F461,woman’s sandal,0xF0 0x9F 0x91 0xA1,
U+1F460,high-heeled shoe,0xF0 0x9F 0x91 0xA0,
U+1F97F,flat shoe,0xF0 0x9F 0xA5 0xBF,
U+1F97E,hiking boot,0xF0 0x9F 0xA5 0xBE,
U+1F45F,running shoe,0xF0 0x9F 0x91 0x9F,
U+1F45E,man’s shoe,0xF0 0x9F 0x91 0x9E,
U+1FA74,thong sandal,0xF0 0x9F 0xA9 0xB4,
U+1F392,backpack,0xF0 0x9F 0x8E 0x92,
U+1F6CD,shopping bags,0xF0 0x9F 0x9B 0x8D,
U+1F45D,clutch bag,0xF0 0x9F 0x91 0x9D,
U+1F45C,handbag,0xF0 0x9F 0x91 0x9C,
U+1F45B,purse,0xF0 0x9F 0x91 0x9B,
U+1F45A,woman’s clothes,0xF0 0x9F 0x91 0x9A,
U+1F459,bikini,0xF0 0x9F 0x91 0x99,
U+1FA73,shorts,0xF0 0x9F 0xA9 0xB3,
U+1FA72,briefs,0xF0 0x9F 0xA9 0xB2,
U+1FA71,one-piece swimsuit,0xF0 0x9F 0xA9 0xB1,
U+1F97B,sari,0xF0 0x9F 0xA5 0xBB,
U+1F458,kimono,0xF0 0x9F 0x91 0x98,
U+1F457,dress,0xF0 0x9F 0x91 0x97,
U+1F9E6,socks,0xF0 0x9F 0xA7 0xA6,
U+1F9E5,coat,0xF0 0x9F 0xA7 0xA5,
U+1F9E4,gloves,0xF0 0x9F 0xA7 0xA4,
U+1F9E3,scarf,0xF0 0x9F 0xA7 0xA3,
U+1F456,jeans,0xF0 0x9F 0x91 0x96,
U+1F455,t-shirt,0xF0 0x9F 0x91 0x95,
U+1F454,necktie,0xF0 0x9F 0x91 0x94,
U+1F9BA,safety vest,0xF0 0x9F 0xA6 0xBA,
U+1F97C,lab coat,0xF0 0x9F 0xA5 0xBC,
U+1F97D,goggles,0xF0 0x9F 0xA5 0xBD,
U+1F576,sunglasses,0xF0 0x9F 0x95 0xB6,
U+1F453,glasses,0xF0 0x9F 0x91 0x93,
U+1FAA2,knot,0xF0 0x9F 0xAA 0xA2,
U+1F9F6,yarn,0xF0 0x9F 0xA7 0xB6,
U+1FAA1,sewing needle,0xF0 0x9F 0xAA 0xA1,
U+1F9F5,thread,0xF0 0x9F 0xA7 0xB5,
U+1F3A8,artist palette,0xF0 0x9F 0x8E 0xA8,
U+1F5BC,framed picture,0xF0 0x9F 0x96 0xBC,
U+1F3AD,performing arts,0xF0 0x9F 0x8E 0xAD,
U+1F3B4,flower playing cards,0xF0 0x9F 0x8E 0xB4,
U+1F004,mahjong red dragon,0xF0 0x9F 0x80 0x84,
U+1F0CF,joker,0xF0 0x9F 0x83 0x8F,
U+265F,chess pawn,0xE2 0x99 0x9F,
U+2663,club suit,0xE2 0x99 0xA3,
U+2666,diamond suit,0xE2 0x99 0xA6,
U+2665,heart suit,0xE2 0x99 0xA5,
U+2660,spade suit,0xE2 0x99 0xA0,
U+1FA86,nesting dolls,0xF0 0x9F 0xAA 0x86,
U+1FA85,piñata,0xF0 0x9F 0xAA 0x85,
U+1F9F8,teddy bear,0xF0 0x9F 0xA7 0xB8,
U+1F9E9,puzzle piece,0xF0 0x9F 0xA7 0xA9,
U+1F3B2,game die,0xF0 0x9F 0x8E 0xB2,
U+1F3B0,slot machine,0xF0 0x9F 0x8E 0xB0,
U+1F579,joystick,0xF0 0x9F 0x95 0xB9,
U+1F3AE,video game,0xF0 0x9F 0x8E 0xAE,
U+1F9FF,nazar amulet,0xF0 0x9F 0xA7 0xBF,
U+1FA84,magic wand,0xF0 0x9F 0xAA 0x84,
U+1F52E,crystal ball,0xF0 0x9F 0x94 0xAE,
U+1F3B1,pool 8 ball,0xF0 0x9F 0x8E 0xB1,
U+1FA81,kite,0xF0 0x9F 0xAA 0x81,
U+1FA80,yo-yo,0xF0 0x9F 0xAA 0x80,
U+1F3AF,bullseye,0xF0 0x9F 0x8E 0xAF,
U+1F94C,curling stone,0xF0 0x9F 0xA5 0x8C,
U+1F6F7,sled,0xF0 0x9F 0x9B 0xB7,
U+1F3BF,skis,0xF0 0x9F 0x8E 0xBF,
U+1F3BD,running shirt,0xF0 0x9F 0x8E 0xBD,
U+1F93F,diving mask,0xF0 0x9F 0xA4 0xBF,
U+1F3A3,fishing pole,0xF0 0x9F 0x8E 0xA3,
U+26F8,ice skate,0xE2 0x9B 0xB8,
U+26F3,flag in hole,0xE2 0x9B 0xB3,
U+1F945,goal net,0xF0 0x9F 0xA5 0x85,
U+1F94B,martial arts uniform,0xF0 0x9F 0xA5 0x8B,
U+1F94A,boxing glove,0xF0 0x9F 0xA5 0x8A,
U+1F3F8,badminton,0xF0 0x9F 0x8F 0xB8,
U+1F3D3,ping pong,0xF0 0x9F 0x8F 0x93,
U+1F94D,lacrosse,0xF0 0x9F 0xA5 0x8D,
U+1F3D2,ice hockey,0xF0 0x9F 0x8F 0x92,
U+1F3D1,field hockey,0xF0 0x9F 0x8F 0x91,
U+1F3CF,cricket game,0xF0 0x9F 0x8F 0x8F,
U+1F3B3,bowling,0xF0 0x9F 0x8E 0xB3,
U+1F94F,flying disc,0xF0 0x9F 0xA5 0x8F,
U+1F3BE,tennis,0xF0 0x9F 0x8E 0xBE,
U+1F3C9,rugby football,0xF0 0x9F 0x8F 0x89,
U+1F3C8,american football,0xF0 0x9F 0x8F 0x88,
U+1F3D0,volleyball,0xF0 0x9F 0x8F 0x90,
U+1F3C0,basketball,0xF0 0x9F 0x8F 0x80,
U+1F94E,softball,0xF0 0x9F 0xA5 0x8E,
U+26BE,baseball,0xE2 0x9A 0xBE,
U+26BD,soccer ball,0xE2 0x9A 0xBD,
U+1F949,3rd place medal,0xF0 0x9F 0xA5 0x89,
U+1F948,2nd place medal,0xF0 0x9F 0xA5 0x88,
U+1F947,1st place medal,0xF0 0x9F 0xA5 0x87,
U+1F3C5,sports medal,0xF0 0x9F 0x8F 0x85,
U+1F3C6,trophy,0xF0 0x9F 0x8F 0x86,
U+1F396,military medal,0xF0 0x9F 0x8E 0x96,
U+1F3AB,ticket,0xF0 0x9F 0x8E 0xAB,
U+1F39F,admission tickets,0xF0 0x9F 0x8E 0x9F,
U+1F397,reminder ribbon,0xF0 0x9F 0x8E 0x97,
U+1F381,wrapped gift,0xF0 0x9F 0x8E 0x81,
U+1F380,ribbon,0xF0 0x9F 0x8E 0x80,
U+1F9E7,red envelope,0xF0 0x9F 0xA7 0xA7,
U+1F391,moon viewing ceremony,0xF0 0x9F 0x8E 0x91,
U+1F390,wind chime,0xF0 0x9F 0x8E 0x90,
U+1F38F,carp streamer,0xF0 0x9F 0x8E 0x8F,
U+1F38E,Japanese dolls,0xF0 0x9F 0x8E 0x8E,
U+1F38D,pine decoration,0xF0 0x9F 0x8E 0x8D,
U+1F38B,tanabata tree,0xF0 0x9F 0x8E 0x8B,
U+1F38A,confetti ball,0xF0 0x9F 0x8E 0x8A,
U+1F389,party popper,0xF0 0x9F 0x8E 0x89,
U+1F388,balloon,0xF0 0x9F 0x8E 0x88,
U+2728,sparkles,0xE2 0x9C 0xA8,
U+1F9E8,firecracker,0xF0 0x9F 0xA7 0xA8,
U+1F387,sparkler,0xF0 0x9F 0x8E 0x87,
U+1F386,fireworks,0xF0 0x9F 0x8E 0x86,
U+1F384,Christmas tree,0xF0 0x9F 0x8E 0x84,
U+1F383,jack-o-lantern,0xF0 0x9F 0x8E 0x83,
U+1F30A,water wave,0xF0 0x9F 0x8C 0x8A,
U+1F4A7,droplet,0xF0 0x9F 0x92 0xA7,
U+1F525,fire,0xF0 0x9F 0x94 0xA5,
U+2604,comet,0xE2 0x98 0x84,
U+26C4,snowman without snow,0xE2 0x9B 0x84,
U+2603,snowman,0xE2 0x98 0x83,
U+2744,snowflake,0xE2 0x9D 0x84,
U+26A1,high voltage,0xE2 0x9A 0xA1,
U+26F1,umbrella on ground,0xE2 0x9B 0xB1,
U+2614,umbrella with rain drops,0xE2 0x98 0x94,
U+2602,umbrella,0xE2 0x98 0x82,
U+1F302,closed umbrella,0xF0 0x9F 0x8C 0x82,
U+1F308,rainbow,0xF0 0x9F 0x8C 0x88,
U+1F300,cyclone,0xF0 0x9F 0x8C 0x80,
U+1F32C,wind face,0xF0 0x9F 0x8C 0xAC,
U+1F32B,fog,0xF0 0x9F 0x8C 0xAB,
U+1F32A,tornado,0xF0 0x9F 0x8C 0xAA,
U+1F329,cloud with lightning,0xF0 0x9F 0x8C 0xA9,
U+1F328,cloud with snow,0xF0 0x9F 0x8C 0xA8,
U+1F327,cloud with rain,0xF0 0x9F 0x8C 0xA7,
U+1F326,sun behind rain cloud,0xF0 0x9F 0x8C 0xA6,
U+1F325,sun behind large cloud,0xF0 0x9F 0x8C 0xA5,
U+1F324,sun behind small cloud,0xF0 0x9F 0x8C 0xA4,
U+26C8,cloud with lightning and rain,0xE2 0x9B 0x88,
U+26C5,sun behind cloud,0xE2 0x9B 0x85,
U+2601,cloud,0xE2 0x98 0x81,
U+1F30C,milky way,0xF0 0x9F 0x8C 0x8C,
U+1F320,shooting star,0xF0 0x9F 0x8C 0xA0,
U+1F31F,glowing star,0xF0 0x9F 0x8C 0x9F,
U+2B50,star,0xE2 0xAD 0x90,
U+1FA90,ringed planet,0xF0 0x9F 0xAA 0x90,
U+1F31E,sun with face,0xF0 0x9F 0x8C 0x9E,
U+1F31D,full moon face,0xF0 0x9F 0x8C 0x9D,
U+2600,sun,0xE2 0x98 0x80,
U+1F321,thermometer,0xF0 0x9F 0x8C 0xA1,
U+1F31C,last quarter moon face,0xF0 0x9F 0x8C 0x9C,
U+1F31B,first quarter moon face,0xF0 0x9F 0x8C 0x9B,
U+1F31A,new moon face,0xF0 0x9F 0x8C 0x9A,
U+1F319,crescent moon,0xF0 0x9F 0x8C 0x99,
U+1F318,waning crescent moon,0xF0 0x9F 0x8C 0x98,
U+1F317,last quarter moon,0xF0 0x9F 0x8C 0x97,
U+1F316,waning gibbous moon,0xF0 0x9F 0x8C 0x96,
U+1F315,full moon,0xF0 0x9F 0x8C 0x95,
U+1F314,waxing gibbous moon,0xF0 0x9F 0x8C 0x94,
U+1F313,first quarter moon,0xF0 0x9F 0x8C 0x93,
U+1F312,waxing crescent moon,0xF0 0x9F 0x8C 0x92,
U+1F311,new moon,0xF0 0x9F 0x8C 0x91,
U+1F566,eleven-thirty,0xF0 0x9F 0x95 0xA6,
U+1F55A,eleven o’clock,0xF0 0x9F 0x95 0x9A,
U+1F565,ten-thirty,0xF0 0x9F 0x95 0xA5,
U+1F559,ten o’clock,0xF0 0x9F 0x95 0x99,
U+1F564,nine-thirty,0xF0 0x9F 0x95 0xA4,
U+1F558,nine o’clock,0xF0 0x9F 0x95 0x98,
U+1F563,eight-thirty,0xF0 0x9F 0x95 0xA3,
U+1F557,eight o’clock,0xF0 0x9F 0x95 0x97,
U+1F562,seven-thirty,0xF0 0x9F 0x95 0xA2,
U+1F556,seven o’clock,0xF0 0x9F 0x95 0x96,
U+1F561,six-thirty,0xF0 0x9F 0x95 0xA1,
U+1F555,six o’clock,0xF0 0x9F 0x95 0x95,
U+1F560,five-thirty,0xF0 0x9F 0x95 0xA0,
U+1F554,five o’clock,0xF0 0x9F 0x95 0x94,
U+1F55F,four-thirty,0xF0 0x9F 0x95 0x9F,
U+1F553,four o’clock,0xF0 0x9F 0x95 0x93,
U+1F55E,three-thirty,0xF0 0x9F 0x95 0x9E,
U+1F552,three o’clock,0xF0 0x9F 0x95 0x92,
U+1F55D,two-thirty,0xF0 0x9F 0x95 0x9D,
U+1F551,two o’clock,0xF0 0x9F 0x95 0x91,
U+1F55C,one-thirty,0xF0 0x9F 0x95 0x9C,
U+1F550,one o’clock,0xF0 0x9F 0x95 0x90,
U+1F567,twelve-thirty,0xF0 0x9F 0x95 0xA7,
U+1F55B,twelve o’clock,0xF0 0x9F 0x95 0x9B,
U+1F570,mantelpiece clock,0xF0 0x9F 0x95 0xB0,
U+23F2,timer clock,0xE2 0x8F 0xB2,
U+23F1,stopwatch,0xE2 0x8F 0xB1,
U+23F0,alarm clock,0xE2 0x8F 0xB0,
U+231A,watch,0xE2 0x8C 0x9A,
U+23F3,hourglass not done,0xE2 0x8F 0xB3,
U+231B,hourglass done,0xE2 0x8C 0x9B,
U+1F9F3,luggage,0xF0 0x9F 0xA7 0xB3,
U+1F6CE,bellhop bell,0xF0 0x9F 0x9B 0x8E,
U+1F6F8,flying saucer,0xF0 0x9F 0x9B 0xB8,
U+1F680,rocket,0xF0 0x9F 0x9A 0x80,
U+1F6F0,satellite,0xF0 0x9F 0x9B 0xB0,
U+1F6A1,aerial tramway,0xF0 0x9F 0x9A 0xA1,
U+1F6A0,mountain cableway,0xF0 0x9F 0x9A 0xA0,
U+1F69F,suspension railway,0xF0 0x9F 0x9A 0x9F,
U+1F681,helicopter,0xF0 0x9F 0x9A 0x81,
U+1F4BA,seat,0xF0 0x9F 0x92 0xBA,
U+1FA82,parachute,0xF0 0x9F 0xAA 0x82,
U+1F6EC,airplane arrival,0xF0 0x9F 0x9B 0xAC,
U+1F6EB,airplane departure,0xF0 0x9F 0x9B 0xAB,
U+1F6E9,small airplane,0xF0 0x9F 0x9B 0xA9,
U+2708,airplane,0xE2 0x9C 0x88,
U+1F6A2,ship,0xF0 0x9F 0x9A 0xA2,
U+1F6E5,motor boat,0xF0 0x9F 0x9B 0xA5,
U+26F4,ferry,0xE2 0x9B 0xB4,
U+1F6F3,passenger ship,0xF0 0x9F 0x9B 0xB3,
U+1F6A4,speedboat,0xF0 0x9F 0x9A 0xA4,
U+1F6F6,canoe,0xF0 0x9F 0x9B 0xB6,
U+26F5,sailboat,0xE2 0x9B 0xB5,
U+2693,anchor,0xE2 0x9A 0x93,
U+1F6A7,construction,0xF0 0x9F 0x9A 0xA7,
U+1F6D1,stop sign,0xF0 0x9F 0x9B 0x91,
U+1F6A6,vertical traffic light,0xF0 0x9F 0x9A 0xA6,
U+1F6A5,horizontal traffic light,0xF0 0x9F 0x9A 0xA5,
U+1F6A8,police car light,0xF0 0x9F 0x9A 0xA8,
U+26FD,fuel pump,0xE2 0x9B 0xBD,
U+1F6E2,oil drum,0xF0 0x9F 0x9B 0xA2,
U+1F6E4,railway track,0xF0 0x9F 0x9B 0xA4,
U+1F6E3,motorway,0xF0 0x9F 0x9B 0xA3,
U+1F68F,bus stop,0xF0 0x9F 0x9A 0x8F,
U+1F6FC,roller skate,0xF0 0x9F 0x9B 0xBC,
U+1F6F9,skateboard,0xF0 0x9F 0x9B 0xB9,
U+1F6F4,kick scooter,0xF0 0x9F 0x9B 0xB4,
U+1F6B2,bicycle,0xF0 0x9F 0x9A 0xB2,
U+1F6FA,auto rickshaw,0xF0 0x9F 0x9B 0xBA,
U+1F9BC,motorized wheelchair,0xF0 0x9F 0xA6 0xBC,
U+1F9BD,manual wheelchair,0xF0 0x9F 0xA6 0xBD,
U+1F6F5,motor scooter,0xF0 0x9F 0x9B 0xB5,
U+1F3CD,motorcycle,0xF0 0x9F 0x8F 0x8D,
U+1F3CE,racing car,0xF0 0x9F 0x8F 0x8E,
U+1F69C,tractor,0xF0 0x9F 0x9A 0x9C,
U+1F69B,articulated lorry,0xF0 0x9F 0x9A 0x9B,
U+1F69A,delivery truck,0xF0 0x9F 0x9A 0x9A,
U+1F6FB,pickup truck,0xF0 0x9F 0x9B 0xBB,
U+1F699,sport utility vehicle,0xF0 0x9F 0x9A 0x99,
U+1F698,oncoming automobile,0xF0 0x9F 0x9A 0x98,
U+1F697,automobile,0xF0 0x9F 0x9A 0x97,
U+1F696,oncoming taxi,0xF0 0x9F 0x9A 0x96,
U+1F695,taxi,0xF0 0x9F 0x9A 0x95,
U+1F694,oncoming police car,0xF0 0x9F 0x9A 0x94,
U+1F693,police car,0xF0 0x9F 0x9A 0x93,
U+1F692,fire engine,0xF0 0x9F 0x9A 0x92,
U+1F691,ambulance,0xF0 0x9F 0x9A 0x91,
U+1F690,minibus,0xF0 0x9F 0x9A 0x90,
U+1F68E,trolleybus,0xF0 0x9F 0x9A 0x8E,
U+1F68D,oncoming bus,0xF0 0x9F 0x9A 0x8D,
U+1F68C,bus,0xF0 0x9F 0x9A 0x8C,
U+1F68B,tram car,0xF0 0x9F 0x9A 0x8B,
U+1F69E,mountain railway,0xF0 0x9F 0x9A 0x9E,
U+1F69D,monorail,0xF0 0x9F 0x9A 0x9D,
U+1F68A,tram,0xF0 0x9F 0x9A 0x8A,
U+1F689,station,0xF0 0x9F 0x9A 0x89,
U+1F688,light rail,0xF0 0x9F 0x9A 0x88,
U+1F687,metro,0xF0 0x9F 0x9A 0x87,
U+1F686,train,0xF0 0x9F 0x9A 0x86,
U+1F685,bullet train,0xF0 0x9F 0x9A 0x85,
U+1F684,high-speed train,0xF0 0x9F 0x9A 0x84,
U+1F683,railway car,0xF0 0x9F 0x9A 0x83,
U+1F682,locomotive,0xF0 0x9F 0x9A 0x82,
U+1F3AA,circus tent,0xF0 0x9F 0x8E 0xAA,
U+1F488,barber pole,0xF0 0x9F 0x92 0x88,
U+1F3A2,roller coaster,0xF0 0x9F 0x8E 0xA2,
U+1F3A1,ferris wheel,0xF0 0x9F 0x8E 0xA1,
U+1F3A0,carousel horse,0xF0 0x9F 0x8E 0xA0,
U+2668,hot springs,0xE2 0x99 0xA8,
U+1F309,bridge at night,0xF0 0x9F 0x8C 0x89,
U+1F307,sunset,0xF0 0x9F 0x8C 0x87,
U+1F306,cityscape at dusk,0xF0 0x9F 0x8C 0x86,
U+1F305,sunrise,0xF0 0x9F 0x8C 0x85,
U+1F304,sunrise over mountains,0xF0 0x9F 0x8C 0x84,
U+1F3D9,cityscape,0xF0 0x9F 0x8F 0x99,
U+1F303,night with stars,0xF0 0x9F 0x8C 0x83,
U+1F301,foggy,0xF0 0x9F 0x8C 0x81,
U+26FA,tent,0xE2 0x9B 0xBA,
U+26F2,fountain,0xE2 0x9B 0xB2,
U+1F54B,kaaba,0xF0 0x9F 0x95 0x8B,
U+26E9,shinto shrine,0xE2 0x9B 0xA9,
U+1F54D,synagogue,0xF0 0x9F 0x95 0x8D,
U+1F6D5,hindu temple,0xF0 0x9F 0x9B 0x95,
U+1F54C,mosque,0xF0 0x9F 0x95 0x8C,
U+26EA,church,0xE2 0x9B 0xAA,
U+1F5FD,Statue of Liberty,0xF0 0x9F 0x97 0xBD,
U+1F5FC,Tokyo tower,0xF0 0x9F 0x97 0xBC,
U+1F492,wedding,0xF0 0x9F 0x92 0x92,
U+1F3F0,castle,0xF0 0x9F 0x8F 0xB0,
U+1F3EF,Japanese castle,0xF0 0x9F 0x8F 0xAF,
U+1F3ED,factory,0xF0 0x9F 0x8F 0xAD,
U+1F3EC,department store,0xF0 0x9F 0x8F 0xAC,
U+1F3EB,school,0xF0 0x9F 0x8F 0xAB,
U+1F3EA,convenience store,0xF0 0x9F 0x8F 0xAA,
U+1F3E9,love hotel,0xF0 0x9F 0x8F 0xA9,
U+1F3E8,hotel,0xF0 0x9F 0x8F 0xA8,
U+1F3E6,bank,0xF0 0x9F 0x8F 0xA6,
U+1F3E5,hospital,0xF0 0x9F 0x8F 0xA5,
U+1F3E4,post office,0xF0 0x9F 0x8F 0xA4,
U+1F3E3,Japanese post office,0xF0 0x9F 0x8F 0xA3,
U+1F3E2,office building,0xF0 0x9F 0x8F 0xA2,
U+1F3E1,house with garden,0xF0 0x9F 0x8F 0xA1,
U+1F3E0,house,0xF0 0x9F 0x8F 0xA0,
U+1F3DA,derelict house,0xF0 0x9F 0x8F 0x9A,
U+1F3D8,houses,0xF0 0x9F 0x8F 0x98,
U+1F6D6,hut,0xF0 0x9F 0x9B 0x96,
U+1FAB5,wood,0xF0 0x9F 0xAA 0xB5,
U+1FAA8,rock,0xF0 0x9F 0xAA 0xA8,
U+1F9F1,brick,0xF0 0x9F 0xA7 0xB1,
U+1F3D7,building construction,0xF0 0x9F 0x8F 0x97,
U+1F3DB,classical building,0xF0 0x9F 0x8F 0x9B,
U+1F3DF,stadium,0xF0 0x9F 0x8F 0x9F,
U+1F3DE,national park,0xF0 0x9F 0x8F 0x9E,
U+1F3DD,desert island,0xF0 0x9F 0x8F 0x9D,
U+1F3DC,desert,0xF0 0x9F 0x8F 0x9C,
U+1F3D6,beach with umbrella,0xF0 0x9F 0x8F 0x96,
U+1F3D5,camping,0xF0 0x9F 0x8F 0x95,
U+1F5FB,mount fuji,0xF0 0x9F 0x97 0xBB,
U+1F30B,volcano,0xF0 0x9F 0x8C 0x8B,
U+26F0,mountain,0xE2 0x9B 0xB0,
U+1F3D4,snow-capped mountain,0xF0 0x9F 0x8F 0x94,
U+1F9ED,compass,0xF0 0x9F 0xA7 0xAD,
U+1F5FE,map of Japan,0xF0 0x9F 0x97 0xBE,
U+1F5FA,world map,0xF0 0x9F 0x97 0xBA,
U+1F310,globe with meridians,0xF0 0x9F 0x8C 0x90,
U+1F30F,globe showing Asia-Australia,0xF0 0x9F 0x8C 0x8F,
U+1F30E,globe showing Americas,0xF0 0x9F 0x8C 0x8E,
U+1F30D,globe showing Europe-Africa,0xF0 0x9F 0x8C 0x8D,
U+1F3FA,amphora,0xF0 0x9F 0x8F 0xBA,
U+1F52A,kitchen knife,0xF0 0x9F 0x94 0xAA,
U+1F944,spoon,0xF0 0x9F 0xA5 0x84,
U+1F374,fork and knife,0xF0 0x9F 0x8D 0xB4,
U+1F37D,fork and knife with plate,0xF0 0x9F 0x8D 0xBD,
U+1F962,chopsticks,0xF0 0x9F 0xA5 0xA2,
U+1F9CA,ice,0xF0 0x9F 0xA7 0x8A,
U+1F9C9,mate,0xF0 0x9F 0xA7 0x89,
U+1F9C3,beverage box,0xF0 0x9F 0xA7 0x83,
U+1F9CB,bubble tea,0xF0 0x9F 0xA7 0x8B,
U+1F964,cup with straw,0xF0 0x9F 0xA5 0xA4,
U+1F943,tumbler glass,0xF0 0x9F 0xA5 0x83,
U+1F942,clinking glasses,0xF0 0x9F 0xA5 0x82,
U+1F37B,clinking beer mugs,0xF0 0x9F 0x8D 0xBB,
U+1F37A,beer mug,0xF0 0x9F 0x8D 0xBA,
U+1F379,tropical drink,0xF0 0x9F 0x8D 0xB9,
U+1F378,cocktail glass,0xF0 0x9F 0x8D 0xB8,
U+1F377,wine glass,0xF0 0x9F 0x8D 0xB7,
U+1F37E,bottle with popping cork,0xF0 0x9F 0x8D 0xBE,
U+1F376,sake,0xF0 0x9F 0x8D 0xB6,
U+1F375,teacup without handle,0xF0 0x9F 0x8D 0xB5,
U+1FAD6,teapot,0xF0 0x9F 0xAB 0x96,
U+2615,hot beverage,0xE2 0x98 0x95,
U+1F95B,glass of milk,0xF0 0x9F 0xA5 0x9B,
U+1F37C,baby bottle,0xF0 0x9F 0x8D 0xBC,
U+1F36F,honey pot,0xF0 0x9F 0x8D 0xAF,
U+1F36E,custard,0xF0 0x9F 0x8D 0xAE,
U+1F36D,lollipop,0xF0 0x9F 0x8D 0xAD,
U+1F36C,candy,0xF0 0x9F 0x8D 0xAC,
U+1F36B,chocolate bar,0xF0 0x9F 0x8D 0xAB,
U+1F967,pie,0xF0 0x9F 0xA5 0xA7,
U+1F9C1,cupcake,0xF0 0x9F 0xA7 0x81,
U+1F370,shortcake,0xF0 0x9F 0x8D 0xB0,
U+1F382,birthday cake,0xF0 0x9F 0x8E 0x82,
U+1F36A,cookie,0xF0 0x9F 0x8D 0xAA,
U+1F369,doughnut,0xF0 0x9F 0x8D 0xA9,
U+1F368,ice cream,0xF0 0x9F 0x8D 0xA8,
U+1F367,shaved ice,0xF0 0x9F 0x8D 0xA7,
U+1F366,soft ice cream,0xF0 0x9F 0x8D 0xA6,
U+1F9AA,oyster,0xF0 0x9F 0xA6 0xAA,
U+1F991,squid,0xF0 0x9F 0xA6 0x91,
U+1F990,shrimp,0xF0 0x9F 0xA6 0x90,
U+1F99E,lobster,0xF0 0x9F 0xA6 0x9E,
U+1F980,crab,0xF0 0x9F 0xA6 0x80,
U+1F961,takeout box,0xF0 0x9F 0xA5 0xA1,
U+1F960,fortune cookie,0xF0 0x9F 0xA5 0xA0,
U+1F95F,dumpling,0xF0 0x9F 0xA5 0x9F,
U+1F361,dango,0xF0 0x9F 0x8D 0xA1,
U+1F96E,moon cake,0xF0 0x9F 0xA5 0xAE,
U+1F365,fish cake with swirl,0xF0 0x9F 0x8D 0xA5,
U+1F364,fried shrimp,0xF0 0x9F 0x8D 0xA4,
U+1F363,sushi,0xF0 0x9F 0x8D 0xA3,
U+1F362,oden,0xF0 0x9F 0x8D 0xA2,
U+1F360,roasted sweet potato,0xF0 0x9F 0x8D 0xA0,
U+1F35D,spaghetti,0xF0 0x9F 0x8D 0x9D,
U+1F35C,steaming bowl,0xF0 0x9F 0x8D 0x9C,
U+1F35B,curry rice,0xF0 0x9F 0x8D 0x9B,
U+1F35A,cooked rice,0xF0 0x9F 0x8D 0x9A,
U+1F359,rice ball,0xF0 0x9F 0x8D 0x99,
U+1F358,rice cracker,0xF0 0x9F 0x8D 0x98,
U+1F371,bento box,0xF0 0x9F 0x8D 0xB1,
U+1F96B,canned food,0xF0 0x9F 0xA5 0xAB,
U+1F9C2,salt,0xF0 0x9F 0xA7 0x82,
U+1F9C8,butter,0xF0 0x9F 0xA7 0x88,
U+1F37F,popcorn,0xF0 0x9F 0x8D 0xBF,
U+1F957,green salad,0xF0 0x9F 0xA5 0x97,
U+1F963,bowl with spoon,0xF0 0x9F 0xA5 0xA3,
U+1FAD5,fondue,0xF0 0x9F 0xAB 0x95,
U+1F372,pot of food,0xF0 0x9F 0x8D 0xB2,
U+1F958,shallow pan of food,0xF0 0x9F 0xA5 0x98,
U+1F373,cooking,0xF0 0x9F 0x8D 0xB3,
U+1F95A,egg,0xF0 0x9F 0xA5 0x9A,
U+1F9C6,falafel,0xF0 0x9F 0xA7 0x86,
U+1F959,stuffed flatbread,0xF0 0x9F 0xA5 0x99,
U+1FAD4,tamale,0xF0 0x9F 0xAB 0x94,
U+1F32F,burrito,0xF0 0x9F 0x8C 0xAF,
U+1F32E,taco,0xF0 0x9F 0x8C 0xAE,
U+1F96A,sandwich,0xF0 0x9F 0xA5 0xAA,
U+1F32D,hot dog,0xF0 0x9F 0x8C 0xAD,
U+1F355,pizza,0xF0 0x9F 0x8D 0x95,
U+1F35F,french fries,0xF0 0x9F 0x8D 0x9F,
U+1F354,hamburger,0xF0 0x9F 0x8D 0x94,
U+1F953,bacon,0xF0 0x9F 0xA5 0x93,
U+1F969,cut of meat,0xF0 0x9F 0xA5 0xA9,
U+1F357,poultry leg,0xF0 0x9F 0x8D 0x97,
U+1F356,meat on bone,0xF0 0x9F 0x8D 0x96,
U+1F9C0,cheese wedge,0xF0 0x9F 0xA7 0x80,
U+1F9C7,waffle,0xF0 0x9F 0xA7 0x87,
U+1F95E,pancakes,0xF0 0x9F 0xA5 0x9E,
U+1F96F,bagel,0xF0 0x9F 0xA5 0xAF,
U+1F968,pretzel,0xF0 0x9F 0xA5 0xA8,
U+1FAD3,flatbread,0xF0 0x9F 0xAB 0x93,
U+1F956,baguette bread,0xF0 0x9F 0xA5 0x96,
U+1F950,croissant,0xF0 0x9F 0xA5 0x90,
U+1F35E,bread,0xF0 0x9F 0x8D 0x9E,
U+1F330,chestnut,0xF0 0x9F 0x8C 0xB0,
U+1F95C,peanuts,0xF0 0x9F 0xA5 0x9C,
U+1F344,mushroom,0xF0 0x9F 0x8D 0x84,
U+1F9C5,onion,0xF0 0x9F 0xA7 0x85,
U+1F9C4,garlic,0xF0 0x9F 0xA7 0x84,
U+1F966,broccoli,0xF0 0x9F 0xA5 0xA6,
U+1F96C,leafy green,0xF0 0x9F 0xA5 0xAC,
U+1F952,cucumber,0xF0 0x9F 0xA5 0x92,
U+1FAD1,bell pepper,0xF0 0x9F 0xAB 0x91,
U+1F336,hot pepper,0xF0 0x9F 0x8C 0xB6,
U+1F33D,ear of corn,0xF0 0x9F 0x8C 0xBD,
U+1F955,carrot,0xF0 0x9F 0xA5 0x95,
U+1F954,potato,0xF0 0x9F 0xA5 0x94,
U+1F346,eggplant,0xF0 0x9F 0x8D 0x86,
U+1F951,avocado,0xF0 0x9F 0xA5 0x91,
U+1F965,coconut,0xF0 0x9F 0xA5 0xA5,
U+1FAD2,olive,0xF0 0x9F 0xAB 0x92,
U+1F345,tomato,0xF0 0x9F 0x8D 0x85,
U+1F95D,kiwi fruit,0xF0 0x9F 0xA5 0x9D,
U+1FAD0,blueberries,0xF0 0x9F 0xAB 0x90,
U+1F353,strawberry,0xF0 0x9F 0x8D 0x93,
U+1F352,cherries,0xF0 0x9F 0x8D 0x92,
U+1F351,peach,0xF0 0x9F 0x8D 0x91,
U+1F350,pear,0xF0 0x9F 0x8D 0x90,
U+1F34F,green apple,0xF0 0x9F 0x8D 0x8F,
U+1F34E,red apple,0xF0 0x9F 0x8D 0x8E,
U+1F96D,mango,0xF0 0x9F 0xA5 0xAD,
U+1F34D,pineapple,0xF0 0x9F 0x8D 0x8D,
U+1F34C,banana,0xF0 0x9F 0x8D 0x8C,
U+1F34B,lemon,0xF0 0x9F 0x8D 0x8B,
U+1F34A,tangerine,0xF0 0x9F 0x8D 0x8A,
U+1F349,watermelon,0xF0 0x9F 0x8D 0x89,
U+1F348,melon,0xF0 0x9F 0x8D 0x88,
U+1F347,grapes,0xF0 0x9F 0x8D 0x87,
U+1F343,leaf fluttering in wind,0xF0 0x9F 0x8D 0x83,
U+1F342,fallen leaf,0xF0 0x9F 0x8D 0x82,
U+1F341,maple leaf,0xF0 0x9F 0x8D 0x81,
U+1F340,four leaf clover,0xF0 0x9F 0x8D 0x80,
U+2618,shamrock,0xE2 0x98 0x98,
U+1F33F,herb,0xF0 0x9F 0x8C 0xBF,
U+1F33E,sheaf of rice,0xF0 0x9F 0x8C 0xBE,
U+1F335,cactus,0xF0 0x9F 0x8C 0xB5,
U+1F334,palm tree,0xF0 0x9F 0x8C 0xB4,
U+1F333,deciduous tree,0xF0 0x9F 0x8C 0xB3,
U+1F332,evergreen tree,0xF0 0x9F 0x8C 0xB2,
U+1FAB4,potted plant,0xF0 0x9F 0xAA 0xB4,
U+1F331,seedling,0xF0 0x9F 0x8C 0xB1,
U+1F337,tulip,0xF0 0x9F 0x8C 0xB7,
U+1F33C,blossom,0xF0 0x9F 0x8C 0xBC,
U+1F33B,sunflower,0xF0 0x9F 0x8C 0xBB,
U+1F33A,hibiscus,0xF0 0x9F 0x8C 0xBA,
U+1F940,wilted flower,0xF0 0x9F 0xA5 0x80,
U+1F339,rose,0xF0 0x9F 0x8C 0xB9,
U+1F3F5,rosette,0xF0 0x9F 0x8F 0xB5,
U+1F4AE,white flower,0xF0 0x9F 0x92 0xAE,
U+1F338,cherry blossom,0xF0 0x9F 0x8C 0xB8,
U+1F490,bouquet,0xF0 0x9F 0x92 0x90,
U+1F9A0,microbe,0xF0 0x9F 0xA6 0xA0,
U+1FAB1,worm,0xF0 0x9F 0xAA 0xB1,
U+1FAB0,fly,0xF0 0x9F 0xAA 0xB0,
U+1F99F,mosquito,0xF0 0x9F 0xA6 0x9F,
U+1F982,scorpion,0xF0 0x9F 0xA6 0x82,
U+1F578,spider web,0xF0 0x9F 0x95 0xB8,
U+1F577,spider,0xF0 0x9F 0x95 0xB7,
U+1FAB3,cockroach,0xF0 0x9F 0xAA 0xB3,
U+1F997,cricket,0xF0 0x9F 0xA6 0x97,
U+1F41E,lady beetle,0xF0 0x9F 0x90 0x9E,
U+1FAB2,beetle,0xF0 0x9F 0xAA 0xB2,
U+1F41D,honeybee,0xF0 0x9F 0x90 0x9D,
U+1F41C,ant,0xF0 0x9F 0x90 0x9C,
U+1F41B,bug,0xF0 0x9F 0x90 0x9B,
U+1F98B,butterfly,0xF0 0x9F 0xA6 0x8B,
U+1F40C,snail,0xF0 0x9F 0x90 0x8C,
U+1F41A,spiral shell,0xF0 0x9F 0x90 0x9A,
U+1F419,octopus,0xF0 0x9F 0x90 0x99,
U+1F988,shark,0xF0 0x9F 0xA6 0x88,
U+1F421,blowfish,0xF0 0x9F 0x90 0xA1,
U+1F420,tropical fish,0xF0 0x9F 0x90 0xA0,
U+1F41F,fish,0xF0 0x9F 0x90 0x9F,
U+1F9AD,seal,0xF0 0x9F 0xA6 0xAD,
U+1F42C,dolphin,0xF0 0x9F 0x90 0xAC,
U+1F40B,whale,0xF0 0x9F 0x90 0x8B,
U+1F433,spouting whale,0xF0 0x9F 0x90 0xB3,
U+1F996,T-Rex,0xF0 0x9F 0xA6 0x96,
U+1F995,sauropod,0xF0 0x9F 0xA6 0x95,
U+1F409,dragon,0xF0 0x9F 0x90 0x89,
U+1F432,dragon face,0xF0 0x9F 0x90 0xB2,
U+1F40D,snake,0xF0 0x9F 0x90 0x8D,
U+1F98E,lizard,0xF0 0x9F 0xA6 0x8E,
U+1F422,turtle,0xF0 0x9F 0x90 0xA2,
U+1F40A,crocodile,0xF0 0x9F 0x90 0x8A,
U+1F438,frog,0xF0 0x9F 0x90 0xB8,
U+1F99C,parrot,0xF0 0x9F 0xA6 0x9C,
U+1F99A,peacock,0xF0 0x9F 0xA6 0x9A,
U+1F9A9,flamingo,0xF0 0x9F 0xA6 0xA9,
U+1FAB6,feather,0xF0 0x9F 0xAA 0xB6,
U+1F9A4,dodo,0xF0 0x9F 0xA6 0xA4,
U+1F989,owl,0xF0 0x9F 0xA6 0x89,
U+1F9A2,swan,0xF0 0x9F 0xA6 0xA2,
U+1F986,duck,0xF0 0x9F 0xA6 0x86,
U+1F985,eagle,0xF0 0x9F 0xA6 0x85,
U+1F54A,dove,0xF0 0x9F 0x95 0x8A,
U+1F427,penguin,0xF0 0x9F 0x90 0xA7,
U+1F426,bird,0xF0 0x9F 0x90 0xA6,
U+1F425,front-facing baby chick,0xF0 0x9F 0x90 0xA5,
U+1F424,baby chick,0xF0 0x9F 0x90 0xA4,
U+1F423,hatching chick,0xF0 0x9F 0x90 0xA3,
U+1F413,rooster,0xF0 0x9F 0x90 0x93,
U+1F414,chicken,0xF0 0x9F 0x90 0x94,
U+1F983,turkey,0xF0 0x9F 0xA6 0x83,
U+1F43E,paw prints,0xF0 0x9F 0x90 0xBE,
U+1F9A1,badger,0xF0 0x9F 0xA6 0xA1,
U+1F998,kangaroo,0xF0 0x9F 0xA6 0x98,
U+1F9A8,skunk,0xF0 0x9F 0xA6 0xA8,
U+1F9A6,otter,0xF0 0x9F 0xA6 0xA6,
U+1F9A5,sloth,0xF0 0x9F 0xA6 0xA5,
U+1F43C,panda,0xF0 0x9F 0x90 0xBC,
U+1F428,koala,0xF0 0x9F 0x90 0xA8,
U+1F43B,bear,0xF0 0x9F 0x90 0xBB,
U+1F987,bat,0xF0 0x9F 0xA6 0x87,
U+1F994,hedgehog,0xF0 0x9F 0xA6 0x94,
U+1F9AB,beaver,0xF0 0x9F 0xA6 0xAB,
U+1F43F,chipmunk,0xF0 0x9F 0x90 0xBF,
U+1F407,rabbit,0xF0 0x9F 0x90 0x87,
U+1F430,rabbit face,0xF0 0x9F 0x90 0xB0,
U+1F439,hamster,0xF0 0x9F 0x90 0xB9,
U+1F400,rat,0xF0 0x9F 0x90 0x80,
U+1F401,mouse,0xF0 0x9F 0x90 0x81,
U+1F42D,mouse face,0xF0 0x9F 0x90 0xAD,
U+1F99B,hippopotamus,0xF0 0x9F 0xA6 0x9B,
U+1F98F,rhinoceros,0xF0 0x9F 0xA6 0x8F,
U+1F9A3,mammoth,0xF0 0x9F 0xA6 0xA3,
U+1F418,elephant,0xF0 0x9F 0x90 0x98,
U+1F992,giraffe,0xF0 0x9F 0xA6 0x92,
U+1F999,llama,0xF0 0x9F 0xA6 0x99,
U+1F42B,two-hump camel,0xF0 0x9F 0x90 0xAB,
U+1F42A,camel,0xF0 0x9F 0x90 0xAA,
U+1F410,goat,0xF0 0x9F 0x90 0x90,
U+1F411,ewe,0xF0 0x9F 0x90 0x91,
U+1F40F,ram,0xF0 0x9F 0x90 0x8F,
U+1F43D,pig nose,0xF0 0x9F 0x90 0xBD,
U+1F417,boar,0xF0 0x9F 0x90 0x97,
U+1F416,pig,0xF0 0x9F 0x90 0x96,
U+1F437,pig face,0xF0 0x9F 0x90 0xB7,
U+1F404,cow,0xF0 0x9F 0x90 0x84,
U+1F403,water buffalo,0xF0 0x9F 0x90 0x83,
U+1F402,ox,0xF0 0x9F 0x90 0x82,
U+1F42E,cow face,0xF0 0x9F 0x90 0xAE,
U+1F9AC,bison,0xF0 0x9F 0xA6 0xAC,
U+1F98C,deer,0xF0 0x9F 0xA6 0x8C,
U+1F993,zebra,0xF0 0x9F 0xA6 0x93,
U+1F984,unicorn,0xF0 0x9F 0xA6 0x84,
U+1F40E,horse,0xF0 0x9F 0x90 0x8E,
U+1F434,horse face,0xF0 0x9F 0x90 0xB4,
U+1F406,leopard,0xF0 0x9F 0x90 0x86,
U+1F405,tiger,0xF0 0x9F 0x90 0x85,
U+1F42F,tiger face,0xF0 0x9F 0x90 0xAF,
U+1F981,lion,0xF0 0x9F 0xA6 0x81,
U+1F408,cat,0xF0 0x9F 0x90 0x88,
U+1F431,cat face,0xF0 0x9F 0x90 0xB1,
U+1F99D,raccoon,0xF0 0x9F 0xA6 0x9D,
U+1F98A,fox,0xF0 0x9F 0xA6 0x8A,
U+1F43A,wolf,0xF0 0x9F 0x90 0xBA,
U+1F429,poodle,0xF0 0x9F 0x90 0xA9,
U+1F9AE,guide dog,0xF0 0x9F 0xA6 0xAE,
U+1F415,dog,0xF0 0x9F 0x90 0x95,
U+1F436,dog face,0xF0 0x9F 0x90 0xB6,
U+1F9A7,orangutan,0xF0 0x9F 0xA6 0xA7,
U+1F98D,gorilla,0xF0 0x9F 0xA6 0x8D,
U+1F412,monkey,0xF0 0x9F 0x90 0x92,
U+1F435,monkey face,0xF0 0x9F 0x90 0xB5,
U+1F9B2,bald,0xF0 0x9F 0xA6 0xB2,
U+1F9B3,white hair,0xF0 0x9F 0xA6 0xB3,
U+1F9B1,curly hair,0xF0 0x9F 0xA6 0xB1,
U+1F9B0,red hair,0xF0 0x9F 0xA6 0xB0,
U+1F463,footprints,0xF0 0x9F 0x91 0xA3,
U+1FAC2,people hugging,0xF0 0x9F 0xAB 0x82,
U+1F465,busts in silhouette,0xF0 0x9F 0x91 0xA5,
U+1F464,bust in silhouette,0xF0 0x9F 0x91 0xA4,
U+1F5E3,speaking head,0xF0 0x9F 0x97 0xA3,
U+1F46A,family,0xF0 0x9F 0x91 0xAA,
U+1F491,couple with heart,0xF0 0x9F 0x92 0x91,
U+1F48F,kiss,0xF0 0x9F 0x92 0x8F,
U+1F46C,men holding hands,0xF0 0x9F 0x91 0xAC,
U+1F46B,woman and man holding hands,0xF0 0x9F 0x91 0xAB,
U+1F46D,women holding hands,0xF0 0x9F 0x91 0xAD,
U+1F6CC,person in bed,0xF0 0x9F 0x9B 0x8C,
U+1F6C0,person taking bath,0xF0 0x9F 0x9B 0x80,
U+1F9D8,person in lotus position,0xF0 0x9F 0xA7 0x98,
U+1F939,person juggling,0xF0 0x9F 0xA4 0xB9,
U+1F93E,person playing handball,0xF0 0x9F 0xA4 0xBE,
U+1F93D,person playing water polo,0xF0 0x9F 0xA4 0xBD,
U+1F93C,people wrestling,0xF0 0x9F 0xA4 0xBC,
U+1F938,person cartwheeling,0xF0 0x9F 0xA4 0xB8,
U+1F6B5,person mountain biking,0xF0 0x9F 0x9A 0xB5,
U+1F6B4,person biking,0xF0 0x9F 0x9A 0xB4,
U+1F3CB,person lifting weights,0xF0 0x9F 0x8F 0x8B,
U+26F9,person bouncing ball,0xE2 0x9B 0xB9,
U+1F3CA,person swimming,0xF0 0x9F 0x8F 0x8A,
U+1F6A3,person rowing boat,0xF0 0x9F 0x9A 0xA3,
U+1F3C4,person surfing,0xF0 0x9F 0x8F 0x84,
U+1F3CC,person golfing,0xF0 0x9F 0x8F 0x8C,
U+1F3C2,snowboarder,0xF0 0x9F 0x8F 0x82,
U+26F7,skier,0xE2 0x9B 0xB7,
U+1F3C7,horse racing,0xF0 0x9F 0x8F 0x87,
U+1F93A,person fencing,0xF0 0x9F 0xA4 0xBA,
U+1F9D7,person climbing,0xF0 0x9F 0xA7 0x97,
U+1F9D6,person in steamy room,0xF0 0x9F 0xA7 0x96,
U+1F46F,people with bunny ears,0xF0 0x9F 0x91 0xAF,
U+1F574,person in suit levitating,0xF0 0x9F 0x95 0xB4,
U+1F57A,man dancing,0xF0 0x9F 0x95 0xBA,
U+1F483,woman dancing,0xF0 0x9F 0x92 0x83,
U+1F3C3,person running,0xF0 0x9F 0x8F 0x83,
U+1F9CE,person kneeling,0xF0 0x9F 0xA7 0x8E,
U+1F9CD,person standing,0xF0 0x9F 0xA7 0x8D,
U+1F6B6,person walking,0xF0 0x9F 0x9A 0xB6,
U+1F487,person getting haircut,0xF0 0x9F 0x92 0x87,
U+1F486,person getting massage,0xF0 0x9F 0x92 0x86,
U+1F9DF,zombie,0xF0 0x9F 0xA7 0x9F,
U+1F9DE,genie,0xF0 0x9F 0xA7 0x9E,
U+1F9DD,elf,0xF0 0x9F 0xA7 0x9D,
U+1F9DC,merperson,0xF0 0x9F 0xA7 0x9C,
U+1F9DB,vampire,0xF0 0x9F 0xA7 0x9B,
U+1F9DA,fairy,0xF0 0x9F 0xA7 0x9A,
U+1F9D9,mage,0xF0 0x9F 0xA7 0x99,
U+1F9B9,supervillain,0xF0 0x9F 0xA6 0xB9,
U+1F9B8,superhero,0xF0 0x9F 0xA6 0xB8,
U+1F936,Mrs. Claus,0xF0 0x9F 0xA4 0xB6,
U+1F385,Santa Claus,0xF0 0x9F 0x8E 0x85,
U+1F47C,baby angel,0xF0 0x9F 0x91 0xBC,
U+1F931,breast-feeding,0xF0 0x9F 0xA4 0xB1,
U+1F930,pregnant woman,0xF0 0x9F 0xA4 0xB0,
U+1F470,person with veil,0xF0 0x9F 0x91 0xB0,
U+1F935,person in tuxedo,0xF0 0x9F 0xA4 0xB5,
U+1F9D5,woman with headscarf,0xF0 0x9F 0xA7 0x95,
U+1F472,person with skullcap,0xF0 0x9F 0x91 0xB2,
U+1F473,person wearing turban,0xF0 0x9F 0x91 0xB3,
U+1F478,princess,0xF0 0x9F 0x91 0xB8,
U+1F934,prince,0xF0 0x9F 0xA4 0xB4,
U+1F477,construction worker,0xF0 0x9F 0x91 0xB7,
U+1F977,ninja,0xF0 0x9F 0xA5 0xB7,
U+1F482,guard,0xF0 0x9F 0x92 0x82,
U+1F575,detective,0xF0 0x9F 0x95 0xB5,
U+1F46E,police officer,0xF0 0x9F 0x91 0xAE,
U+1F937,person shrugging,0xF0 0x9F 0xA4 0xB7,
U+1F926,person facepalming,0xF0 0x9F 0xA4 0xA6,
U+1F647,person bowing,0xF0 0x9F 0x99 0x87,
U+1F9CF,deaf person,0xF0 0x9F 0xA7 0x8F,
U+1F64B,person raising hand,0xF0 0x9F 0x99 0x8B,
U+1F481,person tipping hand,0xF0 0x9F 0x92 0x81,
U+1F646,person gesturing OK,0xF0 0x9F 0x99 0x86,
U+1F645,person gesturing NO,0xF0 0x9F 0x99 0x85,
U+1F64E,person pouting,0xF0 0x9F 0x99 0x8E,
U+1F64D,person frowning,0xF0 0x9F 0x99 0x8D,
U+1F475,old woman,0xF0 0x9F 0x91 0xB5,
U+1F474,old man,0xF0 0x9F 0x91 0xB4,
U+1F9D3,older person,0xF0 0x9F 0xA7 0x93,
U+1F469,woman,0xF0 0x9F 0x91 0xA9,
U+1F9D4,person: beard,0xF0 0x9F 0xA7 0x94,
U+1F468,man,0xF0 0x9F 0x91 0xA8,
U+1F471,person: blond hair,0xF0 0x9F 0x91 0xB1,
U+1F9D1,person,0xF0 0x9F 0xA7 0x91,
U+1F467,girl,0xF0 0x9F 0x91 0xA7,
U+1F466,boy,0xF0 0x9F 0x91 0xA6,
U+1F9D2,child,0xF0 0x9F 0xA7 0x92,
U+1F476,baby,0xF0 0x9F 0x91 0xB6,
U+1F444,mouth,0xF0 0x9F 0x91 0x84,
U+1F445,tongue,0xF0 0x9F 0x91 0x85,
U+1F440,eyes,0xF0 0x9F 0x91 0x80,
U+1F9B4,bone,0xF0 0x9F 0xA6 0xB4,
U+1F9B7,tooth,0xF0 0x9F 0xA6 0xB7,
U+1FAC1,lungs,0xF0 0x9F 0xAB 0x81,
U+1FAC0,anatomical heart,0xF0 0x9F 0xAB 0x80,
U+1F9E0,brain,0xF0 0x9F 0xA7 0xA0,
U+1F443,nose,0xF0 0x9F 0x91 0x83,
U+1F9BB,ear with hearing aid,0xF0 0x9F 0xA6 0xBB,
U+1F442,ear,0xF0 0x9F 0x91 0x82,
U+1F9B6,foot,0xF0 0x9F 0xA6 0xB6,
U+1F9B5,leg,0xF0 0x9F 0xA6 0xB5,
U+1F9BF,mechanical leg,0xF0 0x9F 0xA6 0xBF,
U+1F9BE,mechanical arm,0xF0 0x9F 0xA6 0xBE,
U+1F4AA,flexed biceps,0xF0 0x9F 0x92 0xAA,
U+1F933,selfie,0xF0 0x9F 0xA4 0xB3,
U+1F485,nail polish,0xF0 0x9F 0x92 0x85,
U+270D,writing hand,0xE2 0x9C 0x8D,
U+1F64F,folded hands,0xF0 0x9F 0x99 0x8F,
U+1F91D,handshake,0xF0 0x9F 0xA4 0x9D,
U+1F932,palms up together,0xF0 0x9F 0xA4 0xB2,
U+1F450,open hands,0xF0 0x9F 0x91 0x90,
U+1F64C,raising hands,0xF0 0x9F 0x99 0x8C,
U+1F44F,clapping hands,0xF0 0x9F 0x91 0x8F,
U+1F91C,right-facing fist,0xF0 0x9F 0xA4 0x9C,
U+1F91B,left-facing fist,0xF0 0x9F 0xA4 0x9B,
U+1F44A,oncoming fist,0xF0 0x9F 0x91 0x8A,
U+270A,raised fist,0xE2 0x9C 0x8A,
U+1F44E,thumbs down,0xF0 0x9F 0x91 0x8E,
U+1F44D,thumbs up,0xF0 0x9F 0x91 0x8D,
U+261D,index pointing up,0xE2 0x98 0x9D,
U+1F447,backhand index pointing down,0xF0 0x9F 0x91 0x87,
U+1F595,middle finger,0xF0 0x9F 0x96 0x95,
U+1F446,backhand index pointing up,0xF0 0x9F 0x91 0x86,
U+1F449,backhand index pointing right,0xF0 0x9F 0x91 0x89,
U+1F448,backhand index pointing left,0xF0 0x9F 0x91 0x88,
U+1F919,call me hand,0xF0 0x9F 0xA4 0x99,
U+1F918,sign of the horns,0xF0 0x9F 0xA4 0x98,
U+1F91F,love-you gesture,0xF0 0x9F 0xA4 0x9F,
U+1F91E,crossed fingers,0xF0 0x9F 0xA4 0x9E,
U+270C,victory hand,0xE2 0x9C 0x8C,
U+1F90F,pinching hand,0xF0 0x9F 0xA4 0x8F,
U+1F90C,pinched fingers,0xF0 0x9F 0xA4 0x8C,
U+1F44C,OK hand,0xF0 0x9F 0x91 0x8C,
U+1F596,vulcan salute,0xF0 0x9F 0x96 0x96,
U+270B,raised hand,0xE2 0x9C 0x8B,
U+1F590,hand with fingers splayed,0xF0 0x9F 0x96 0x90,
U+1F91A,raised back of hand,0xF0 0x9F 0xA4 0x9A,
U+1F44B,waving hand,0xF0 0x9F 0x91 0x8B,
U+1F4A4,zzz,0xF0 0x9F 0x92 0xA4,
U+1F4AD,thought balloon,0xF0 0x9F 0x92 0xAD,
U+1F5EF,right anger bubble,0xF0 0x9F 0x97 0xAF,
U+1F5E8,left speech bubble,0xF0 0x9F 0x97 0xA8,
U+1F441,eye in speech bubble,0xF0 0x9F 0x91 0x81,U+1F441 U+FE0F U+200D U+1F5E8 U+FE0F
U+1F4AC,speech balloon,0xF0 0x9F 0x92 0xAC,
U+1F4A3,bomb,0xF0 0x9F 0x92 0xA3,
U+1F573,hole,0xF0 0x9F 0x95 0xB3,
U+1F4A8,dashing away,0xF0 0x9F 0x92 0xA8,
U+1F4A6,sweat droplets,0xF0 0x9F 0x92 0xA6,
U+1F4AB,dizzy,0xF0 0x9F 0x92 0xAB,
U+1F4A5,collision,0xF0 0x9F 0x92 0xA5,
U+1F4A2,anger symbol,0xF0 0x9F 0x92 0xA2,
U+1F4AF,hundred points,0xF0 0x9F 0x92 0xAF,
U+1F90D,white heart,0xF0 0x9F 0xA4 0x8D,
U+1F5A4,black heart,0xF0 0x9F 0x96 0xA4,
U+1F90E,brown heart,0xF0 0x9F 0xA4 0x8E,
U+1F49C,purple heart,0xF0 0x9F 0x92 0x9C,
U+1F499,blue heart,0xF0 0x9F 0x92 0x99,
U+1F49A,green heart,0xF0 0x9F 0x92 0x9A,
U+1F49B,yellow heart,0xF0 0x9F 0x92 0x9B,
U+1F9E1,orange heart,0xF0 0x9F 0xA7 0xA1,
U+2764,⊛ heart on fire,0xE2 0x9D 0xA4,U+2764 U+FE0F U+200D U+1F525
U+1F494,broken heart,0xF0 0x9F 0x92 0x94,
U+2763,heart exclamation,0xE2 0x9D 0xA3,
U+1F49F,heart decoration,0xF0 0x9F 0x92 0x9F,
U+1F495,two hearts,0xF0 0x9F 0x92 0x95,
U+1F49E,revolving hearts,0xF0 0x9F 0x92 0x9E,
U+1F493,beating heart,0xF0 0x9F 0x92 0x93,
U+1F497,growing heart,0xF0 0x9F 0x92 0x97,
U+1F496,sparkling heart,0xF0 0x9F 0x92 0x96,
U+1F49D,heart with ribbon,0xF0 0x9F 0x92 0x9D,
U+1F498,heart with arrow,0xF0 0x9F 0x92 0x98,
U+1F48C,love letter,0xF0 0x9F 0x92 0x8C,
U+1F48B,kiss mark,0xF0 0x9F 0x92 0x8B,
U+1F64A,speak-no-evil monkey,0xF0 0x9F 0x99 0x8A,
U+1F649,hear-no-evil monkey,0xF0 0x9F 0x99 0x89,
U+1F648,see-no-evil monkey,0xF0 0x9F 0x99 0x88,
U+1F63E,pouting cat,0xF0 0x9F 0x98 0xBE,
U+1F63F,crying cat,0xF0 0x9F 0x98 0xBF,
U+1F640,weary cat,0xF0 0x9F 0x99 0x80,
U+1F63D,kissing cat,0xF0 0x9F 0x98 0xBD,
U+1F63C,cat with wry smile,0xF0 0x9F 0x98 0xBC,
U+1F63B,smiling cat with heart-eyes,0xF0 0x9F 0x98 0xBB,
U+1F639,cat with tears of joy,0xF0 0x9F 0x98 0xB9,
U+1F638,grinning cat with smiling eyes,0xF0 0x9F 0x98 0xB8,
U+1F63A,grinning cat,0xF0 0x9F 0x98 0xBA,
U+1F916,robot,0xF0 0x9F 0xA4 0x96,
U+1F47E,alien monster,0xF0 0x9F 0x91 0xBE,
U+1F47D,alien,0xF0 0x9F 0x91 0xBD,
U+1F47B,ghost,0xF0 0x9F 0x91 0xBB,
U+1F47A,goblin,0xF0 0x9F 0x91 0xBA,
U+1F479,ogre,0xF0 0x9F 0x91 0xB9,
U+1F921,clown face,0xF0 0x9F 0xA4 0xA1,
U+1F4A9,pile of poo,0xF0 0x9F 0x92 0xA9,
U+2620,skull and crossbones,0xE2 0x98 0xA0,
U+1F480,skull,0xF0 0x9F 0x92 0x80,
U+1F47F,angry face with horns,0xF0 0x9F 0x91 0xBF,
U+1F608,smiling face with horns,0xF0 0x9F 0x98 0x88,
U+1F92C,face with symbols on mouth,0xF0 0x9F 0xA4 0xAC,
U+1F620,angry face,0xF0 0x9F 0x98 0xA0,
U+1F621,pouting face,0xF0 0x9F 0x98 0xA1,
U+1F624,face with steam from nose,0xF0 0x9F 0x98 0xA4,
U+1F971,yawning face,0xF0 0x9F 0xA5 0xB1,
U+1F62B,tired face,0xF0 0x9F 0x98 0xAB,
U+1F629,weary face,0xF0 0x9F 0x98 0xA9,
U+1F613,downcast face with sweat,0xF0 0x9F 0x98 0x93,
U+1F61E,disappointed face,0xF0 0x9F 0x98 0x9E,
U+1F623,persevering face,0xF0 0x9F 0x98 0xA3,
U+1F616,confounded face,0xF0 0x9F 0x98 0x96,
U+1F631,face screaming in fear,0xF0 0x9F 0x98 0xB1,
U+1F62D,loudly crying face,0xF0 0x9F 0x98 0xAD,
U+1F622,crying face,0xF0 0x9F 0x98 0xA2,
U+1F625,sad but relieved face,0xF0 0x9F 0x98 0xA5,
U+1F630,anxious face with sweat,0xF0 0x9F 0x98 0xB0,
U+1F628,fearful face,0xF0 0x9F 0x98 0xA8,
U+1F627,anguished face,0xF0 0x9F 0x98 0xA7,
U+1F626,frowning face with open mouth,0xF0 0x9F 0x98 0xA6,
U+1F97A,pleading face,0xF0 0x9F 0xA5 0xBA,
U+1F633,flushed face,0xF0 0x9F 0x98 0xB3,
U+1F632,astonished face,0xF0 0x9F 0x98 0xB2,
U+1F62F,hushed face,0xF0 0x9F 0x98 0xAF,
U+2639,frowning face,0xE2 0x98 0xB9,
U+1F641,slightly frowning face,0xF0 0x9F 0x99 0x81,
U+1F61F,worried face,0xF0 0x9F 0x98 0x9F,
U+1F615,confused face,0xF0 0x9F 0x98 0x95,
U+1F9D0,face with monocle,0xF0 0x9F 0xA7 0x90,
U+1F913,nerd face,0xF0 0x9F 0xA4 0x93,
U+1F60E,smiling face with sunglasses,0xF0 0x9F 0x98 0x8E,
U+1F978,disguised face,0xF0 0x9F 0xA5 0xB8,
U+1F973,partying face,0xF0 0x9F 0xA5 0xB3,
U+1F920,cowboy hat face,0xF0 0x9F 0xA4 0xA0,
U+1F92F,exploding head,0xF0 0x9F 0xA4 0xAF,
U+1F635,knocked-out face,0xF0 0x9F 0x98 0xB5,
U+1F974,woozy face,0xF0 0x9F 0xA5 0xB4,
U+1F976,cold face,0xF0 0x9F 0xA5 0xB6,
U+1F975,hot face,0xF0 0x9F 0xA5 0xB5,
U+1F927,sneezing face,0xF0 0x9F 0xA4 0xA7,
U+1F92E,face vomiting,0xF0 0x9F 0xA4 0xAE,
U+1F922,nauseated face,0xF0 0x9F 0xA4 0xA2,
U+1F915,face with head-bandage,0xF0 0x9F 0xA4 0x95,
U+1F912,face with thermometer,0xF0 0x9F 0xA4 0x92,
U+1F637,face with medical mask,0xF0 0x9F 0x98 0xB7,
U+1F634,sleeping face,0xF0 0x9F 0x98 0xB4,
U+1F924,drooling face,0xF0 0x9F 0xA4 0xA4,
U+1F62A,sleepy face,0xF0 0x9F 0x98 0xAA,
U+1F614,pensive face,0xF0 0x9F 0x98 0x94,
U+1F60C,relieved face,0xF0 0x9F 0x98 0x8C,
U+1F925,lying face,0xF0 0x9F 0xA4 0xA5,
U+1F62E,⊛ face exhaling,0xF0 0x9F 0x98 0xAE,U+1F62E U+200D U+1F4A8
U+1F62C,grimacing face,0xF0 0x9F 0x98 0xAC,
U+1F644,face with rolling eyes,0xF0 0x9F 0x99 0x84,
U+1F612,unamused face,0xF0 0x9F 0x98 0x92,
U+1F60F,smirking face,0xF0 0x9F 0x98 0x8F,
U+1F636,face without mouth,0xF0 0x9F 0x98 0xB6,
U+1F611,expressionless face,0xF0 0x9F 0x98 0x91,
U+1F610,neutral face,0xF0 0x9F 0x98 0x90,
U+1F928,face with raised eyebrow,0xF0 0x9F 0xA4 0xA8,
U+1F910,zipper-mouth face,0xF0 0x9F 0xA4 0x90,
U+1F914,thinking face,0xF0 0x9F 0xA4 0x94,
U+1F92B,shushing face,0xF0 0x9F 0xA4 0xAB,
U+1F92D,face with hand over mouth,0xF0 0x9F 0xA4 0xAD,
U+1F917,hugging face,0xF0 0x9F 0xA4 0x97,
U+1F911,money-mouth face,0xF0 0x9F 0xA4 0x91,
U+1F61D,squinting face with tongue,0xF0 0x9F 0x98 0x9D,
U+1F92A,zany face,0xF0 0x9F 0xA4 0xAA,
U+1F61C,winking face with tongue,0xF0 0x9F 0x98 0x9C,
U+1F61B,face with tongue,0xF0 0x9F 0x98 0x9B,
U+1F60B,face savoring food,0xF0 0x9F 0x98 0x8B,
U+1F972,smiling face with tear,0xF0 0x9F 0xA5 0xB2,
U+1F619,kissing face with smiling eyes,0xF0 0x9F 0x98 0x99,
U+1F61A,kissing face with closed eyes,0xF0 0x9F 0x98 0x9A,
U+263A,smiling face,0xE2 0x98 0xBA,
U+1F617,kissing face,0xF0 0x9F 0x98 0x97,
U+1F618,face blowing a kiss,0xF0 0x9F 0x98 0x98,
U+1F929,star-struck,0xF0 0x9F 0xA4 0xA9,
U+1F60D,smiling face with heart-eyes,0xF0 0x9F 0x98 0x8D,
U+1F970,smiling face with hearts,0xF0 0x9F 0xA5 0xB0,
U+1F607,smiling face with halo,0xF0 0x9F 0x98 0x87,
U+1F60A,smiling face with smiling eyes,0xF0 0x9F 0x98 0x8A,
U+1F609,winking face,0xF0 0x9F 0x98 0x89,
U+1F643,upside-down face,0xF0 0x9F 0x99 0x83,
U+1F642,slightly smiling face,0xF0 0x9F 0x99 0x82,
U+1F602,face with tears of joy,0xF0 0x9F 0x98 0x82,
U+1F923,rolling on the floor laughing,0xF0 0x9F 0xA4 0xA3,
U+1F605,grinning face with sweat,0xF0 0x9F 0x98 0x85,
U+1F606,grinning squinting face,0xF0 0x9F 0x98 0x86,
U+1F601,beaming face with smiling eyes,0xF0 0x9F 0x98 0x81,
U+1F604,grinning face with smiling eyes,0xF0 0x9F 0x98 0x84,
U+1F603,grinning face with big eyes,0xF0 0x9F 0x98 0x83,
U+1F600,grinning face,0xF0 0x9F 0x98 0x80,
